postcode,locality,state,lat,lon
0200,"ANU",ACT,-35.2777,149.119
0800,"DARWIN",NT,-12.458684,130.83668
0801,"DARWIN",NT,-12.458684,130.83668
0803,"WAGAIT BEACH",NT,-12.43399126,130.7459083
0804,"PARAP",NT,-12.428017,130.873315
0810,"ALAWA",NT,-12.381806,130.866242
0811,"CASUARINA",NT,-12.381806,130.866242
0812,"ANULA",NT,-12.39124885,130.89047
0813,"KARAMA",NT,-12.404778,130.916098
0814,"NIGHTCLIFF",NT,-12.381806,130.866242
0815,"CHARLES DARWIN UNIVERSITY",NT,-12.3718,130.869
0820,"BAGOT",NT,-12.428017,130.873315
0821,"WINNELLIE",NT,-13.643283,136.947051
0822,"ACACIA HILLS",NT,-11.75841975,130.6254299
0828,"BERRIMAH",NT,-12.432024,130.932068
0829,"HOLTZE",NT,-12.45763297,130.9597671
0830,"ARCHER",NT,-12.52139649,130.9580765
0831,"PALMERSTON",NT,-12.475071,130.974879
0832,"BAKEWELL",NT,-12.49684676,130.9936551
0834,"VIRGINIA",NT,-12.54686461,131.0234875
0835,"Coolalinga",NT,-12.5231,131.0415
0836,"GIRRAWEEN",NT,-12.5255,131.0962
0837,"MANTON",NT,-12.704767,131.016647
0838,"BERRY SPRINGS",NT,-12.71878122,131.0067348
0839,"COOLALINGA",NT,-12.52001124,131.0402017
0840,"DUNDEE BEACH",NT,-12.72451307,130.3529386
0841,"DARWIN RIVER",NT,-12.81922863,130.969862
0845,"BATCHELOR",NT,-13.045118,131.038475
0846,"ADELAIDE RIVER",NT,-13.210299,131.095002
0847,"PINE CREEK",NT,-14.012122,131.759154
0850,"COSSACK",NT,-14.46369137,132.1721041
0851,"KATHERINE",NT,-15.711424,137.050719
0852,"ARNOLD",NT,-16.4525888,130.8418661
0853,"TINDAL",NT,-14.53113365,132.3791217
0854,"BORROLOOLA",NT,-16.503809,136.424191
0860,"TENNANT CREEK",NT,-19.641301,134.173599
0861,"BRUNCHILLY",NT,-18.874571,134.500504
0862,"AVON DOWNS",NT,-18.251528,134.463153
0870,"ALICE SPRINGS",NT,-23.702291,133.86314
0871,"ALICE SPRINGS",NT,-21.949513,131.298809
0872,"AHERRENGE",NT,-21.949513,131.298809
0873,"AMOONGUNA",NT,-23.74471408,133.9050112
0874,"IRLPME",NT,-23.64690294,133.8647591
0875,"FLYNN",NT,-23.71350386,133.8354205
0880,"GAPUWIYAK",NT,-12.50557433,135.7954286
0881,"NHULUNBUY",NT,-11.670366,136.824863
0885,"ALYANGULA",NT,-13.85078586,136.420066
0886,"JABIRU",NT,-13.13118,132.563373
0906,"WINNELLIE",NT,-13.643283,136.947051
0907,"WINNELLIE",NT,-13.643283,136.947051
0909,"CHARLES DARWIN UNIVERSITY",NT,-12.3718,130.869
1001,"SYDNEY",NSW,-33.794883,151.268071
1002,"SYDNEY",NSW,-33.794883,151.268071
1003,"SYDNEY",NSW,-33.794883,151.268071
1004,"SYDNEY",NSW,-33.794883,151.268071
1005,"SYDNEY",NSW,-33.794883,151.268071
1006,"SYDNEY",NSW,-33.794883,151.268071
1007,"SYDNEY",NSW,-33.794883,151.268071
1008,"SYDNEY",NSW,-33.794883,151.268071
1009,"SYDNEY",NSW,-33.794883,151.268071
1010,"SYDNEY",NSW,-33.794883,151.268071
1020,"SYDNEY",NSW,-33.794883,151.268071
1021,"SYDNEY",NSW,-33.794883,151.268071
1022,"SYDNEY",NSW,-33.794883,151.268071
1023,"SYDNEY",NSW,-33.794883,151.268071
1025,"SYDNEY",NSW,-33.794883,151.268071
1026,"SYDNEY",NSW,-33.794883,151.268071
1027,"SYDNEY",NSW,-33.794883,151.268071
1028,"SYDNEY",NSW,-33.794883,151.268071
1029,"SYDNEY",NSW,-33.794883,151.268071
1030,"SYDNEY",NSW,-33.794883,151.268071
1031,"SYDNEY",NSW,-33.794883,151.268071
1032,"SYDNEY",NSW,-33.662834,150.874182
1033,"SYDNEY",NSW,-33.794883,151.268071
1034,"SYDNEY",NSW,-33.794883,151.268071
1035,"SYDNEY",NSW,-33.794883,151.268071
1036,"SYDNEY",NSW,-33.794883,151.268071
1037,"SYDNEY",NSW,-33.794883,151.268071
1038,"SYDNEY",NSW,-33.794883,151.268071
1039,"SYDNEY",NSW,-33.794883,151.268071
1040,"SYDNEY",NSW,-33.794883,151.268071
1041,"SYDNEY",NSW,-33.794883,151.268071
1042,"SYDNEY",NSW,-33.794883,151.268071
1043,"SYDNEY",NSW,-33.794883,151.268071
1044,"SYDNEY",NSW,-33.794883,151.268071
1045,"SYDNEY",NSW,-33.794883,151.268071
1046,"SYDNEY",NSW,-33.794883,151.268071
1100,"SYDNEY",NSW,-33.794883,151.268071
1101,"SYDNEY",NSW,-33.794883,151.268071
1105,"SYDNEY",NSW,-33.794883,151.268071
1106,"SYDNEY",NSW,-33.794883,151.268071
1107,"SYDNEY",NSW,-33.794883,151.268071
1108,"SYDNEY",NSW,-33.794883,151.268071
1109,"SYDNEY",NSW,-33.794883,151.268071
1110,"SYDNEY",NSW,-33.794883,151.268071
1112,"SYDNEY",NSW,-33.794883,151.268071
1113,"SYDNEY",NSW,-33.794883,151.268071
1114,"SYDNEY",NSW,-33.794883,151.268071
1115,"SYDNEY",NSW,-33.794883,151.268071
1116,"SYDNEY",NSW,-33.666729,150.866145
1117,"SYDNEY",NSW,-33.664575,150.87022
1118,"SYDNEY",NSW,-33.794883,151.268071
1119,"SYDNEY",NSW,-33.794883,151.268071
1120,"SYDNEY",NSW,-33.794883,151.268071
1121,"SYDNEY",NSW,-33.794883,151.268071
1122,"SYDNEY",NSW,-33.794883,151.268071
1123,"SYDNEY",NSW,-33.794883,151.268071
1124,"SYDNEY",NSW,-33.794883,151.268071
1125,"SYDNEY",NSW,-33.794883,151.268071
1126,"SYDNEY",NSW,-33.794883,151.268071
1127,"SYDNEY",NSW,-33.794883,151.268071
1128,"SYDNEY",NSW,-33.794883,151.268071
1129,"SYDNEY",NSW,-33.794883,151.268071
1130,"SYDNEY",NSW,-33.794883,151.268071
1131,"SYDNEY",NSW,-33.794883,151.268071
1132,"SYDNEY",NSW,-33.66279,150.874265
1133,"SYDNEY",NSW,-33.794883,151.268071
1134,"SYDNEY",NSW,-33.794883,151.268071
1135,"SYDNEY",NSW,-33.794883,151.268071
1136,"SYDNEY",NSW,-33.794883,151.268071
1137,"SYDNEY",NSW,-33.794883,151.268071
1138,"SYDNEY",NSW,-33.794883,151.268071
1139,"SYDNEY",NSW,-33.794883,151.268071
1140,"SYDNEY",NSW,-33.794883,151.268071
1141,"SYDNEY",NSW,-33.794883,151.268071
1142,"SYDNEY",NSW,-33.794883,151.268071
1143,"SYDNEY",NSW,-33.794883,151.268071
1144,"SYDNEY",NSW,-33.794883,151.268071
1145,"SYDNEY",NSW,-33.794883,151.268071
1146,"SYDNEY",NSW,-33.794883,151.268071
1147,"SYDNEY",NSW,-33.794883,151.268071
1148,"SYDNEY",NSW,-33.794883,151.268071
1149,"SYDNEY",NSW,-33.794883,151.268071
1150,"SYDNEY",NSW,-33.794883,151.268071
1151,"SYDNEY",NSW,-33.794883,151.268071
1152,"SYDNEY",NSW,-33.794883,151.268071
1153,"SYDNEY",NSW,-33.794883,151.268071
1154,"SYDNEY",NSW,-33.794883,151.268071
1155,"SYDNEY",NSW,-33.794883,151.268071
1156,"SYDNEY",NSW,-33.794883,151.268071
1157,"SYDNEY",NSW,-33.794883,151.268071
1158,"SYDNEY",NSW,-33.794883,151.268071
1159,"SYDNEY",NSW,-33.794883,151.268071
1160,"SYDNEY",NSW,-33.794883,151.268071
1161,"SYDNEY",NSW,-33.794883,151.268071
1162,"SYDNEY",NSW,-33.794883,151.268071
1163,"SYDNEY",NSW,-33.794883,151.268071
1164,"SYDNEY",NSW,-33.794883,151.268071
1165,"SYDNEY",NSW,-33.794883,151.268071
1166,"SYDNEY",NSW,-33.794883,151.268071
1167,"SYDNEY",NSW,-33.794883,151.268071
1168,"SYDNEY",NSW,-33.794883,151.268071
1169,"SYDNEY",NSW,-33.794883,151.268071
1170,"SYDNEY",NSW,-33.794883,151.268071
1171,"SYDNEY",NSW,-33.794883,151.268071
1172,"SYDNEY",NSW,-33.794883,151.268071
1173,"SYDNEY",NSW,-33.794883,151.268071
1174,"SYDNEY",NSW,-33.794883,151.268071
1175,"SYDNEY",NSW,-33.794883,151.268071
1176,"SYDNEY",NSW,-33.794883,151.268071
1177,"SYDNEY",NSW,-33.794883,151.268071
1178,"SYDNEY",NSW,-33.794883,151.268071
1179,"SYDNEY",NSW,-33.794883,151.268071
1180,"SYDNEY",NSW,-33.794883,151.268071
1181,"SYDNEY",NSW,-33.794883,151.268071
1182,"SYDNEY",NSW,-33.794883,151.268071
1183,"SYDNEY",NSW,-33.794883,151.268071
1184,"SYDNEY",NSW,-33.794883,151.268071
1185,"SYDNEY",NSW,-33.794883,151.268071
1186,"SYDNEY",NSW,-33.794883,151.268071
1187,"SYDNEY",NSW,-33.794883,151.268071
1188,"SYDNEY",NSW,-33.794883,151.268071
1189,"SYDNEY",NSW,-33.794883,151.268071
1190,"SYDNEY",NSW,-33.794883,151.268071
1191,"SYDNEY",NSW,-33.794883,151.268071
1192,"SYDNEY",NSW,-34.790684,147.685283
1193,"SYDNEY",NSW,-33.794883,151.268071
1194,"SYDNEY",NSW,-33.794883,151.268071
1195,"SYDNEY",NSW,-33.794883,151.268071
1196,"SYDNEY",NSW,-33.794883,151.268071
1197,"SYDNEY",NSW,-33.794883,151.268071
1198,"SYDNEY",NSW,-33.794883,151.268071
1199,"SYDNEY",NSW,-33.794883,151.268071
1201,"SYDNEY",NSW,-33.794883,151.268071
1202,"SYDNEY",NSW,-33.794883,151.268071
1203,"SYDNEY",NSW,-33.794883,151.268071
1205,"SYDNEY",NSW,-33.794883,151.268071
1207,"SYDNEY",NSW,-33.794883,151.268071
1208,"HAYMARKET",NSW,-29.816475,151.659454
1209,"AUSTRALIA SQUARE",NSW,-33.891788,151.176251
1210,"AUSTRALIA SQUARE",NSW,-33.891788,151.176251
1211,"AUSTRALIA SQUARE",NSW,-33.891788,151.176251
1212,"AUSTRALIA SQUARE",NSW,-33.891788,151.176251
1213,"AUSTRALIA SQUARE",NSW,-33.891788,151.176251
1214,"AUSTRALIA SQUARE",NSW,-33.891788,151.176251
1215,"AUSTRALIA SQUARE",NSW,-33.891788,151.176251
1216,"GROSVENOR PLACE",NSW,-33.741311,151.034025
1217,"GROSVENOR PLACE",NSW,-33.741311,151.034025
1218,"GROSVENOR PLACE",NSW,-33.741311,151.034025
1219,"GROSVENOR PLACE",NSW,-33.741311,151.034025
1220,"GROSVENOR PLACE",NSW,-33.741311,151.034025
1221,"ROYAL EXCHANGE",NSW,-33.86533,151.207905
1222,"ROYAL EXCHANGE",NSW,-33.86533,151.207905
1223,"ROYAL EXCHANGE",NSW,-33.86533,151.207905
1224,"ROYAL EXCHANGE",NSW,-33.86533,151.207905
1225,"ROYAL EXCHANGE",NSW,-33.86533,151.207905
1226,"QUEEN VICTORIA BUILDING",NSW,-33.871749,151.206708
1227,"QUEEN VICTORIA BUILDING",NSW,-33.871749,151.206708
1228,"QUEEN VICTORIA BUILDING",NSW,-33.871749,151.206708
1229,"QUEEN VICTORIA BUILDING",NSW,-33.871749,151.206708
1230,"QUEEN VICTORIA BUILDING",NSW,-33.871749,151.206708
1231,"SYDNEY SOUTH",NSW,-33.815551,151.042528
1232,"SYDNEY SOUTH",NSW,-33.815551,151.042528
1233,"SYDNEY SOUTH",NSW,-33.815551,151.042528
1234,"SYDNEY SOUTH",NSW,-33.815551,151.042528
1235,"SYDNEY SOUTH",NSW,-33.815551,151.042528
1236,"HAYMARKET",NSW,-29.816475,151.659454
1237,"HAYMARKET",NSW,-29.816475,151.659454
1238,"HAYMARKET",NSW,-29.816475,151.659454
1239,"HAYMARKET",NSW,-29.816475,151.659454
1240,"HAYMARKET",NSW,-29.816475,151.659454
1291,"SYDNEY",NSW,-33.794883,151.268071
1292,"SYDNEY",NSW,-33.794883,151.268071
1293,"SYDNEY",NSW,-33.794883,151.268071
1294,"SYDNEY",NSW,-33.794883,151.268071
1295,"SYDNEY",NSW,-33.794883,151.268071
1296,"SYDNEY",NSW,-33.794883,151.268071
1297,"SYDNEY",NSW,-33.794883,151.268071
1298,"SYDNEY",NSW,-33.794883,151.268071
1299,"SYDNEY",NSW,-33.794883,151.268071
1300,"DARLINGHURST",NSW,-33.877331,151.220876
1314,"EASTERN SUBURBS MC",NSW,-33.9508,151.21
1335,"POTTS POINT",NSW,-33.82269,151.117575
1340,"KINGS CROSS",NSW,-35.537721,148.021014
1350,"WOOLLAHRA",NSW,-33.88871,151.240508
1355,"BONDI JUNCTION",NSW,-33.893739,151.262502
1360,"DOUBLE BAY",NSW,-33.87584,151.241938
1401,"BROADWAY",NSW,-33.884217,151.199825
1405,"CHULLORA",NSW,-33.89194485,151.0477059
1419,"SOUTHERN SUBURBS MC",NSW,-34.0641,151.094
1420,"STRAWBERRY HILLS",NSW,-33.726098,150.931838
1422,"STRAWBERRY HILLS",NSW,-33.726098,150.931838
1423,"STRAWBERRY HILLS",NSW,-33.726098,150.931838
1424,"STRAWBERRY HILLS",NSW,-33.726098,150.931838
1425,"STRAWBERRY HILLS",NSW,-33.726098,150.931838
1426,"STRAWBERRY HILLS",NSW,-33.726098,150.931838
1427,"STRAWBERRY HILLS",NSW,-33.726098,150.931838
1428,"STRAWBERRY HILLS",NSW,-33.726098,150.931838
1429,"STRAWBERRY HILLS",NSW,-33.726098,150.931838
1430,"EVELEIGH",NSW,-33.890232,151.199489
1435,"ALEXANDRIA",NSW,-33.711785,151.108248
1440,"WATERLOO",NSW,-33.902836,151.057914
1441,"WATERLOO",NSW,-33.902836,151.057914
1445,"ROSEBERY",NSW,-34.083089,151.007691
1450,"CAMPERDOWN",NSW,-30.305815,153.13679
1455,"BOTANY",NSW,-33.947087,151.197644
1460,"MASCOT",NSW,-33.926669,151.210791
1465,"KENSINGTON",NSW,-33.888549,151.140735
1466,"UNSW SYDNEY",NSW,-33.906561,151.234417
1470,"DRUMMOYNE",NSW,-33.842999,151.151958
1475,"MARRICKVILLE",NSW,-33.90911,151.15334
1476,"MARRICKVILLE",NSW,-33.90911,151.15334
1480,"KINGSGROVE",NSW,-33.935923,151.100027
1481,"HURSTVILLE BC",NSW,-33.9646,151.101
1484,"KINGSGROVE DC",NSW,-33.9386,151.101
1485,"KOGARAH",NSW,-33.974354,151.140345
1490,"MIRANDA",NSW,-34.035878,151.107201
1493,"HURSTVILLE",NSW,-33.975869,151.088939
1495,"CARINGBAH",NSW,-34.046927,151.123943
1499,"SUTHERLAND",NSW,-34.015705,151.0622
1515,"WEST CHATSWOOD",NSW,-33.824607,151.207261
1560,"NORTHBRIDGE",NSW,-33.812636,151.214797
1565,"MILSONS POINT",NSW,-33.865367,151.193071
1570,"ARTARMON",NSW,-33.808087,151.192733
1585,"CROWS NEST",NSW,-33.83459,151.20085
1590,"ST LEONARDS",NSW,-33.292001,151.468652
1595,"LANE COVE",NSW,-33.791875,151.187955
1597,"LANE COVE",NSW,-33.791875,151.187955
1602,"LANE COVE DC",NSW,-33.8148,151.166
1630,"HORNSBY",NSW,-33.707684,151.099812
1635,"HORNSBY WESTFIELD",NSW,-33.7046,151.101
1639,"FRENCHS FOREST",NSW,-33.793137,151.246751
1640,"FRENCHS FOREST",NSW,-33.793137,151.246751
1655,"MANLY",NSW,-33.329799,151.505125
1658,"MONA VALE",NSW,-33.698773,151.216799
1660,"MONA VALE",NSW,-33.698773,151.216799
1670,"NORTH RYDE",NSW,-33.7932,151.12
1675,"GLADESVILLE",NSW,-33.833033,151.139681
1680,"RYDE",NSW,-33.761498,151.137807
1685,"WEST RYDE",NSW,-33.80406,151.09064
1700,"ERMINGTON",NSW,-33.950299,151.206982
1710,"EPPING",NSW,-33.78417,151.116696
1715,"PENNANT HILLS",NSW,-33.758433,151.049106
1730,"SEVEN HILLS",NSW,-33.760263,150.966912
1740,"PARRAMATTA",NSW,-33.886166,151.139472
1741,"PARRAMATTA",NSW,-33.886166,151.139472
1750,"NORTH PARRAMATTA",NSW,-33.857053,151.023102
1755,"BAULKHAM HILLS",NSW,-33.767239,150.968177
1765,"CASTLE HILL",NSW,-33.735906,151.030535
1771,"PENNANT HILLS",NSW,-33.758433,151.049106
1781,"SEVEN HILLS MC",NSW,-33.7779,150.932
1790,"ST MARYS",NSW,-33.859047,151.19554
1800,"ASHFIELD",NSW,-33.887602,151.124008
1805,"BURWOOD",NSW,-33.891556,151.10082
1811,"SILVERWATER",NSW,-33.82328,151.051375
1819,"STRATHFIELD",NSW,-33.877139,151.093326
1825,"LIDCOMBE",NSW,-33.872483,151.044768
1830,"GRANVILLE",NSW,-33.859289,150.948582
1831,"GRANVILLE",NSW,-33.859289,150.948582
1835,"AUBURN",NSW,-33.883928,151.023796
1851,"WETHERILL PARK",NSW,-33.8498,150.911
1860,"FAIRFIELD",NSW,-33.850457,150.961124
1871,"LIVERPOOL",NSW,-33.888327,151.103632
1874,"MOOREBANK",NSW,-33.93566973,150.9413383
1875,"MOOREBANK",NSW,-33.93566973,150.9413383
1885,"BANKSTOWN",NSW,-33.907417,151.024581
1888,"BANKSTOWN",NSW,-33.907417,151.024581
1890,"INGLEBURN",NSW,-33.960035,150.802088
1891,"MILPERRA",NSW,-33.932221,151.000183
2000,"BARANGAROO",NSW,-33.86051951,151.2015802
2001,"SYDNEY",NSW,-33.794883,151.268071
2002,"WORLD SQUARE",NSW,-33.8771211,151.2069237
2004,"ALEXANDRIA MC",NSW,-33.908,151.19
2006,"THE UNIVERSITY OF SYDNEY",NSW,-33.889219,151.186507
2007,"BROADWAY",NSW,-33.883189,151.19665
2008,"CHIPPENDALE",NSW,-33.891146,151.193858
2009,"DARLING ISLAND",NSW,-33.871222,151.193055
2010,"DARLINGHURST",NSW,-33.884119,151.212262
2011,"ELIZABETH BAY",NSW,-33.873599,151.221626
2012,"STRAWBERRY HILLS",NSW,-33.726098,150.931838
2013,"STRAWBERRY HILLS",NSW,-33.726098,150.931838
2015,"ALEXANDRIA",NSW,-33.910105,151.194825
2016,"REDFERN",NSW,-33.894912,151.206211
2017,"WATERLOO",NSW,-33.903892,151.206316
2018,"EASTLAKES",NSW,-33.9233,151.202697
2019,"BANKSMEADOW",NSW,-33.946923,151.207285
2020,"MASCOT",NSW,-33.936179,151.176775
2021,"CENTENNIAL PARK",NSW,-33.895705,151.227236
2022,"BONDI JUNCTION",NSW,-33.896401,151.245049
2023,"BELLEVUE HILL",NSW,-33.884685,151.25591
2024,"BRONTE",NSW,-33.904414,151.259392
2025,"WOOLLAHRA",NSW,-33.88871,151.240508
2026,"BEN BUCKLER",NSW,-33.891041,151.268968
2027,"DARLING POINT",NSW,-33.868972,151.250494
2028,"DOUBLE BAY",NSW,-33.878413,151.240965
2029,"ROSE BAY",NSW,-33.875709,151.266989
2030,"DIAMOND BAY",NSW,-33.858378,151.275977
2031,"CLOVELLY",NSW,-33.914832,151.239167
2032,"DACEYVILLE",NSW,-33.930314,151.223936
2033,"KENSINGTON",NSW,-33.91139,151.218435
2034,"COOGEE",NSW,-33.929096,151.252171
2035,"MAROUBRA",NSW,-33.945635,151.241292
2036,"CHIFLEY",NSW,-33.969624,151.237844
2037,"FOREST LODGE",NSW,-33.880179,151.184458
2038,"ANNANDALE",NSW,-33.881624,151.170165
2039,"ROZELLE",NSW,-33.867187,151.171915
2040,"LEICHHARDT",NSW,-33.878774,151.156819
2041,"BALMAIN",NSW,-33.858556,151.180095
2042,"ENMORE",NSW,-33.900649,151.175354
2043,"ERSKINEVILLE",NSW,-33.903521,151.184665
2044,"ST PETERS",NSW,-33.920698,151.17074
2045,"HABERFIELD",NSW,-33.879301,151.138684
2046,"ABBOTSFORD",NSW,-33.866044,151.133865
2047,"DRUMMOYNE",NSW,-33.853924,151.165735
2048,"STANMORE",NSW,-33.89418,151.16564
2049,"LEWISHAM",NSW,-33.897219,151.15085
2050,"CAMPERDOWN",NSW,-33.89037,151.17598
2052,"UNSW SYDNEY",NSW,-33.906561,151.234417
2055,"NORTH SYDNEY",NSW,-33.802837,151.104935
2057,"CHATSWOOD",NSW,-33.791988,151.1899
2058,"NORTHERN SUBURBS MC",NSW,-31.2532,146.921
2059,"NORTH SYDNEY",NSW,-33.802837,151.104935
2060,"HMAS PLATYPUS",NSW,-33.839863,151.204557
2061,"KIRRIBILLI",NSW,-33.848785,151.212372
2062,"CAMMERAY",NSW,-33.822837,151.21246
2063,"NORTHBRIDGE",NSW,-33.812636,151.214797
2064,"ARTARMON",NSW,-33.813209,151.183801
2065,"CROWS NEST",NSW,-33.828361,151.192212
2066,"LANE COVE",NSW,-33.818641,151.160912
2067,"CHATSWOOD",NSW,-33.798378,151.17711
2068,"CASTLECRAG",NSW,-33.800881,151.202715
2069,"CASTLE COVE",NSW,-33.780246,151.195368
2070,"EAST LINDFIELD",NSW,-33.78042,151.162007
2071,"EAST KILLARA",NSW,-33.75536381,151.1814551
2072,"GORDON",NSW,-33.754582,151.153176
2073,"PYMBLE",NSW,-33.757296,151.130278
2074,"BOBBIN HEAD",NSW,-33.735222,151.123716
2075,"NORTH ST IVES",NSW,-33.723693,151.16729
2076,"NORMANHURST",NSW,-33.723263,151.108249
2077,"ASQUITH",NSW,-33.691922,151.097508
2079,"MOUNT COLAH",NSW,-33.666637,151.112681
2080,"MOUNT KURING-GAI",NSW,-33.658174,151.143563
2081,"BEROWRA",NSW,-33.619756,151.150498
2082,"BEROWRA CREEK",NSW,-33.54620871,151.138709
2083,"BAR POINT",NSW,-33.525322,151.194452
2084,"AKUNA BAY",NSW,-33.650999,151.216929
2085,"BELROSE",NSW,-33.728782,151.211719
2086,"FRENCHS FOREST",NSW,-33.75185,151.229211
2087,"FORESTVILLE",NSW,-33.766093,151.210531
2088,"MOSMAN",NSW,-33.830687,151.243351
2089,"KURRABA POINT",NSW,-33.84149573,151.2228263
2090,"CREMORNE",NSW,-33.828949,151.223094
2091,"HMAS PENGUIN",NSW,-33.8279,151.261
2092,"SEAFORTH",NSW,-33.796636,151.241813
2093,"BALGOWLAH",NSW,-33.79315,151.258069
2094,"FAIRLIGHT",NSW,-33.795227,151.273242
2095,"MANLY",NSW,-33.815482,151.294675
2096,"CURL CURL",NSW,-33.776781,151.28494
2097,"COLLAROY",NSW,-33.739577,151.297895
2099,"CROMER",NSW,-33.748914,151.279999
2100,"ALLAMBIE",NSW,-33.766409,151.257781
2101,"ELANORA HEIGHTS",NSW,-33.707117,151.27114
2102,"WARRIEWOOD",NSW,-33.689941,151.290953
2103,"MONA VALE",NSW,-33.679336,151.302825
2104,"BAYVIEW",NSW,-33.664921,151.290921
2105,"CHURCH POINT",NSW,-33.642202,151.278293
2106,"NEWPORT",NSW,-33.660707,151.314599
2107,"AVALON",NSW,-33.634816,151.323289
2108,"COASTERS RETREAT",NSW,-33.60382,151.322759
2109,"MACQUARIE UNIVERSITY",NSW,-33.771558,151.113473
2110,"HUNTERS HILL",NSW,-33.836102,151.149126
2111,"BORONIA PARK",NSW,-33.829953,151.124488
2112,"DENISTONE EAST",NSW,-33.81658,151.108447
2113,"BLENHEIM ROAD",NSW,-33.79419,151.130233
2114,"DENISTONE",NSW,-33.810991,151.084181
2115,"ERMINGTON",NSW,-33.813106,151.059845
2116,"RYDALMERE",NSW,-33.814368,151.036941
2117,"DUNDAS",NSW,-33.797127,151.04218
2118,"CARLINGFORD",NSW,-33.775596,151.043518
2119,"BEECROFT",NSW,-33.755499,151.064176
2120,"PENNANT HILLS",NSW,-33.731105,151.07359
2121,"EPPING",NSW,-33.774145,151.079919
2122,"EASTWOOD",NSW,-33.791357,151.092072
2123,"PARRAMATTA",NSW,-33.815446,150.999575
2124,"PARRAMATTA",NSW,-33.886166,151.139472
2125,"WEST PENNANT HILLS",NSW,-33.752645,151.031807
2126,"CHERRYBROOK",NSW,-33.724898,151.043941
2127,"HOMEBUSH BAY",NSW,-33.85283,151.076186
2128,"SILVERWATER",NSW,-33.835928,151.047591
2129,"SYDNEY MARKETS",NSW,-33.864104,151.069553
2130,"SUMMER HILL",NSW,-33.892783,151.135883
2131,"ASHFIELD",NSW,-33.887602,151.124008
2132,"CROYDON",NSW,-33.882419,151.113385
2133,"CROYDON PARK",NSW,-33.898793,151.102087
2134,"BURWOOD",NSW,-33.880049,151.101757
2135,"STRATHFIELD",NSW,-33.881009,151.084759
2136,"BURWOOD HEIGHTS",NSW,-33.892944,151.087741
2137,"BREAKFAST POINT",NSW,-33.85749,151.103751
2138,"CONCORD WEST",NSW,-33.846098,151.086036
2139,"CONCORD REPATRIATION HOSPITAL",NSW,-33.835993,151.095163
2140,"HOMEBUSH",NSW,-33.835018,151.070853
2141,"BERALA",NSW,-33.872483,151.044768
2142,"BLAXCELL",NSW,-33.832747,151.015196
2143,"BIRRONG",NSW,-33.885382,151.021934
2144,"AUBURN",NSW,-33.851868,151.026756
2145,"CONSTITUTION HILL",NSW,-33.79382308,150.9751544
2146,"OLD TOONGABBIE",NSW,-33.789374,150.959508
2147,"KINGS LANGLEY",NSW,-33.766075,150.935836
2148,"ARNDELL PARK",NSW,-33.783751,150.900547
2150,"HARRIS PARK",NSW,-33.814463,151.006506
2151,"NORTH PARRAMATTA",NSW,-33.78709,151.012511
2152,"NORTHMEAD",NSW,-33.782501,150.996388
2153,"BAULKHAM HILLS",NSW,-33.731651,150.955942
2154,"CASTLE HILL",NSW,-33.73238,151.000948
2155,"BEAUMONT HILLS",NSW,-33.731523,150.931074
2156,"ANNANGROVE",NSW,-33.656984,150.974528
2157,"CANOELANDS",NSW,-33.602167,150.991055
2158,"DURAL",NSW,-33.690331,151.040358
2159,"ARCADIA",NSW,-33.539148,151.084146
2160,"MERRYLANDS",NSW,-33.835883,150.976594
2161,"GUILDFORD",NSW,-33.858335,150.983724
2162,"CHESTER HILL",NSW,-33.88349,151.004128
2163,"CARRAMAR",NSW,-33.887203,150.979458
2164,"SMITHFIELD",NSW,-33.844153,150.875028
2165,"FAIRFIELD",NSW,-33.872435,150.947496
2166,"CABRAMATTA",NSW,-33.892738,150.92937
2167,"GLENFIELD",NSW,-33.972167,150.890441
2168,"ASHCROFT",NSW,-33.915939,150.875345
2170,"CASULA",NSW,-33.928392,150.921448
2171,"CARNES HILL",NSW,-33.93771581,150.8487366
2172,"PLEASURE POINT",NSW,-33.951109,150.917444
2173,"HOLSWORTHY",NSW,-34.074239,150.919554
2174,"EDMONDSON PARK",NSW,-33.977497,150.856709
2175,"HORSLEY PARK",NSW,-33.845034,150.848192
2176,"ABBOTSBURY",NSW,-33.872014,150.88526
2177,"BONNYRIGG",NSW,-33.895053,150.879379
2178,"CECIL PARK",NSW,-33.87478,150.838225
2179,"AUSTRAL",NSW,-33.933109,150.812031
2190,"CHULLORA",NSW,-33.89194485,151.0477059
2191,"BELFIELD",NSW,-33.906803,151.085513
2192,"BELMORE",NSW,-33.921018,151.089663
2193,"ASHBURY",NSW,-33.910308,151.12086
2194,"CAMPSIE",NSW,-33.917601,151.101777
2195,"LAKEMBA",NSW,-33.924525,151.076939
2196,"PUNCHBOWL",NSW,-33.930089,151.057799
2197,"BASS HILL",NSW,-33.901198,150.998155
2198,"GEORGES HALL",NSW,-33.908788,150.986277
2199,"YAGOONA",NSW,-33.905586,151.023171
2200,"BANKSTOWN",NSW,-33.926559,151.014937
2203,"DULWICH HILL",NSW,-33.90441,151.138999
2204,"MARRICKVILLE",NSW,-33.912288,151.155539
2205,"ARNCLIFFE",NSW,-33.937551,151.147956
2206,"CLEMTON PARK",NSW,-33.926056,151.122881
2207,"BARDWELL PARK",NSW,-33.948744,151.119517
2208,"KINGSGROVE",NSW,-33.942632,151.098002
2209,"BEVERLY HILLS",NSW,-33.94913,151.075304
2210,"LUGARNO",NSW,-33.957725,151.052257
2211,"PADSTOW",NSW,-33.961366,151.03221
2212,"REVESBY",NSW,-33.947286,151.014547
2213,"EAST HILLS",NSW,-33.964102,150.997836
2214,"MILPERRA",NSW,-33.941443,150.981592
2216,"BANKSIA",NSW,-33.955393,151.148204
2217,"BEVERLEY PARK",NSW,-33.974354,151.140345
2218,"ALLAWAH",NSW,-33.973161,151.117453
2219,"DOLLS POINT",NSW,-33.996587,151.132495
2220,"HURSTVILLE",NSW,-33.966692,151.101764
2221,"BLAKEHURST",NSW,-33.992159,151.10599
2222,"PENSHURST",NSW,-33.964713,151.084774
2223,"MORTDALE",NSW,-33.980264,151.071837
2224,"KANGAROO POINT",NSW,-34.01362,151.101891
2225,"CARAVAN HEAD",NSW,-33.997441,151.087892
2226,"BONNET BAY",NSW,-34.009345,151.063808
2227,"GYMEA",NSW,-34.04984,151.085005
2228,"MIRANDA",NSW,-34.037692,151.101564
2229,"CARINGBAH",NSW,-34.05494,151.120091
2230,"BUNDEENA",NSW,-34.093213,151.136596
2231,"KURNELL",NSW,-34.029927,151.193492
2232,"AUDLEY",NSW,-34.061753,151.064329
2233,"ENGADINE",NSW,-34.114626,151.027919
2234,"ALFORDS POINT",NSW,-34.021938,151.004412
2250,"BUCKETTY",NSW,-33.325373,151.189243
2251,"AVOCA BEACH",NSW,-33.482209,151.401999
2252,"CENTRAL COAST MC",NSW,-33.3208,151.234
2256,"BLACKWALL",NSW,-33.482123,151.331154
2257,"BOOKER BAY",NSW,-33.520358,151.374403
2258,"FOUNTAINDALE",NSW,-33.333187,151.3433
2259,"ALISON",NSW,-33.208801,151.377213
2260,"ERINA HEIGHTS",NSW,-33.42537,151.436939
2261,"BATEAU BAY",NSW,-33.315827,151.519708
2262,"BLUE HAVEN",NSW,-33.209125,151.528042
2263,"CANTON BEACH",NSW,-33.285097,151.556223
2264,"BALCOLYN",NSW,-33.106675,151.533807
2265,"COORANBONG",NSW,-33.095552,151.412119
2267,"WANGI WANGI",NSW,-33.086545,151.591728
2278,"BARNSLEY",NSW,-32.932412,151.590415
2280,"BELMONT",NSW,-33.019715,151.663175
2281,"BLACKSMITHS",NSW,-33.089963,151.668857
2282,"ELEEBANA",NSW,-32.987279,151.651275
2283,"ARCADIA VALE",NSW,-33.019117,151.57181
2284,"ARGENTON",NSW,-32.953236,151.621183
2285,"CAMERON PARK",NSW,-32.933305,151.651095
2286,"HOLMESVILLE",NSW,-32.923321,151.532669
2287,"BIRMINGHAM GARDENS",NSW,-32.892577,151.65807
2289,"ADAMSTOWN",NSW,-32.948567,151.71008
2290,"BENNETTS GREEN",NSW,-32.983963,151.707801
2291,"MEREWETHER",NSW,-32.951039,151.742882
2292,"BROADMEADOW",NSW,-32.931589,151.740716
2293,"MARYVILLE",NSW,-32.917776,151.754696
2294,"CARRINGTON",NSW,-32.915791,151.767408
2295,"FERN BAY",NSW,-32.879469,151.80174
2296,"ISLINGTON",NSW,-32.915698,151.746237
2297,"TIGHES HILL",NSW,-32.909135,151.750126
2298,"GEORGETOWN",NSW,-32.905633,151.722243
2299,"Glen InnesLAMBTON",NSW,-32.903131,151.690858
2300,"BAR BEACH",NSW,-32.931635,151.778021
2302,"NEWCASTLE WEST",NSW,-32.931265,151.752466
2303,"HAMILTON",NSW,-32.924571,151.743325
2304,"KOORAGANG",NSW,-32.880319,151.73862
2305,"KOTARA EAST",NSW,-32.930221,151.706545
2306,"WINDALE",NSW,-32.993286,151.682517
2307,"SHORTLAND",NSW,-32.88365,151.688102
2308,"CALLAGHAN",NSW,-32.892884,151.697356
2309,"DANGAR",NSW,-30.352158,148.890775
2310,"HUNTER REGION MC",NSW,-32.1932,151.701
2311,"ALLYNBROOK",NSW,-32.3438,151.522527
2312,"MINIMBAH",NSW,-32.16165072,152.3722113
2314,"WILLIAMTOWN RAAF",NSW,-32.797453,151.840094
2315,"CORLETTE",NSW,-32.746224,152.193698
2316,"ANNA BAY",NSW,-32.776919,152.083274
2317,"SALAMANDER BAY",NSW,-32.720937,152.076399
2318,"CAMPVALE",NSW,-32.769906,151.851897
2319,"LEMON TREE PASSAGE",NSW,-32.730927,152.039551
2320,"ABERGLASSLYN",NSW,-32.741737,151.543675
2321,"BERRY PARK",NSW,-32.660186,151.683702
2322,"BERESFIELD",NSW,-32.819819,151.65415
2323,"ASHTONFIELD",NSW,-32.757616,151.607554
2324,"BALICKERA",NSW,-32.623108,152.332617
2325,"ABERDARE",NSW,-32.977861,151.317476
2326,"ABERMAIN",NSW,-32.785207,151.453148
2327,"KURRI KURRI",NSW,-32.820688,151.486212
2328,"BUREEN",NSW,-32.57693,150.564817
2329,"BORAMBIL",NSW,-32.047498,150.187517
2330,"APPLETREE FLAT",NSW,-32.760486,150.972137
2331,"SINGLETON MILITARY AREA",NSW,-32.7441932,151.1591424
2333,"BAERAMI",NSW,-32.248568,150.701949
2334,"GRETA",NSW,-32.728461,151.385451
2335,"BELFORD",NSW,-32.642118,151.319414
2336,"ABERDEEN",NSW,-32.14622,151.102917
2337,"BELLTREES",NSW,-31.966754,151.080412
2338,"ARDGLEN",NSW,-31.735174,151.029159
2339,"BIG JACKS CREEK",NSW,-31.735738,150.603274
2340,"APPLEBY",NSW,-31.333592,151.138322
2341,"WERRIS CREEK",NSW,-31.34664,150.611053
2342,"CURRABUBULA",NSW,-31.155223,150.54907
2343,"BLACKVILLE",NSW,-31.66545698,150.1491418
2344,"DURI",NSW,-31.17375,150.729574
2345,"ATTUNGA",NSW,-30.864342,150.875031
2346,"BORAH CREEK",NSW,-30.60226666,150.5206378
2347,"BANOON",NSW,-30.281899,150.523163
2348,"NEW ENGLAND MC",NSW,-31.2532,146.921
2350,"ABERFOYLE",NSW,-30.493397,151.906153
2351,"UNIVERSITY OF NEW ENGLAND",NSW,-30.489129,151.639627
2352,"KOOTINGAL",NSW,-31.088119,151.246189
2353,"MOONBI",NSW,-30.973619,151.095609
2354,"BRANGA PLAINS",NSW,-31.145898,151.762627
2355,"BENDEMEER",NSW,-30.775229,151.154222
2356,"GWABEGAR",NSW,-30.619798,148.96949
2357,"BOMERA",NSW,-31.51588428,149.781025
2358,"ARDING",NSW,-30.540297,151.297519
2359,"BAKERS CREEK",NSW,-30.3248214,150.9955739
2360,"AUBURN VALE",NSW,-29.630052,151.162025
2361,"ASHFORD",NSW,-29.198493,151.141751
2365,"BACKWATER",NSW,-30.115913,151.673028
2369,"OLD MILL",NSW,-29.985367,151.265077
2370,"BALD NOB",NSW,-29.736171,151.869397
2371,"CAPOOMPETA",NSW,-29.36625,151.814675
2372,"BACK CREEK",NSW,-28.96166715,151.7288939
2379,"GOOLHI",NSW,-31.126265,149.754627
2380,"BASIN PLAIN",NSW,-31.046117,150.199154
2381,"BREEZA",NSW,-31.244175,150.457901
2382,"BOGGABRI",NSW,-30.595044,150.17806
2386,"BURREN JUNCTION",NSW,-30.07897,148.924417
2387,"BULYEROI",NSW,-29.79568858,149.1822101
2388,"BOOLCARROLL",NSW,-30.427329,149.001543
2390,"BAAN BAA",NSW,-30.413331,149.767538
2395,"BINNAWAY",NSW,-31.584172,149.440922
2396,"BARADINE",NSW,-30.777381,148.984063
2397,"BELLATA",NSW,-29.925739,149.690988
2398,"GURLEY",NSW,-29.741061,149.795738
2399,"BINIGUY",NSW,-29.409325,150.222662
2400,"ASHLEY",NSW,-29.474921,149.462148
2401,"GRAVESEND",NSW,-29.611901,150.331619
2402,"COOLATAI",NSW,-29.441821,150.547545
2403,"BALFOURS PEAK",NSW,-29.46368911,150.7837543
2404,"BANGHEET",NSW,-29.83711766,150.4165507
2405,"BOOMI",NSW,-28.894651,149.647249
2406,"MUNGINDI",NSW,-28.95352658,148.7670014
2408,"BLUE NOBBY",NSW,-29.02809007,150.5788791
2409,"BOGGABILLA",NSW,-28.707837,150.185847
2410,"TWIN RIVERS",NSW,-28.70513532,150.6884812
2411,"CROPPA CREEK",NSW,-29.131193,150.307886
2415,"MONKERAI",NSW,-32.306267,151.888327
2420,"ALISON",NSW,-32.239696,151.685456
2421,"FISHERS HILL",NSW,-32.601853,151.543017
2422,"BACK CREEK",NSW,-31.973082,151.865806
2423,"BOMBAH POINT",NSW,-32.364861,152.270901
2424,"CAFFREYS FLAT",NSW,-31.6402,151.964845
2425,"ALLWORTH",NSW,-32.417598,152.002451
2426,"COOPERNOOK",NSW,-31.817926,152.595335
2427,"CROWDY HEAD",NSW,-31.842318,152.686583
2428,"BLUEYS BEACH",NSW,-32.196739,152.454216
2429,"BOBIN",NSW,-31.770375,152.292395
2430,"BLACK HEAD",NSW,-31.899311,152.503209
2431,"ARAKOON",NSW,-30.925233,153.053789
2439,"BATAR CREEK",NSW,-31.654722,152.652155
2440,"ALDAVILLA",NSW,-30.375791,153.019648
2441,"ALLGOMERA",NSW,-30.81816175,152.7955009
2442,"KEMPSEY MSC",NSW,-31.4352,152.917
2443,"BOBS CREEK",NSW,-31.725436,152.747152
2444,"BLACKMANS POINT",NSW,-31.439614,152.87253
2445,"BONNY HILLS",NSW,-31.583037,152.820899
2446,"BAGNOO",NSW,-31.387394,152.466916
2447,"BAKERS CREEK",NSW,-30.82662169,152.7145508
2448,"HYLAND PARK",NSW,-30.604667,152.956681
2449,"ARGENTS HILL",NSW,-30.62816,152.737629
2450,"BOAMBEE",NSW,-30.097726,152.658268
2452,"BAYLDON",NSW,-30.357168,153.08188
2453,"BIELSDOWN HILLS",NSW,-30.36840993,152.6703126
2454,"BELLINGEN",NSW,-30.459807,152.840266
2455,"TARKEETH",NSW,-30.529366,152.96348
2456,"ARRAWARRA",NSW,-30.073663,153.143409
2460,"ALUMY CREEK",NSW,-29.320772,153.271074
2462,"CALLIOPE",NSW,-29.829194,153.187047
2463,"ASHBY",NSW,-29.36691,153.104789
2464,"ANGOURIE",NSW,-29.484556,153.334228
2465,"HARWOOD",NSW,-29.412622,153.243897
2466,"ILUKA",NSW,-29.407475,153.350886
2469,"ALICE",NSW,-29.05366265,152.5892786
2470,"ALICE",NSW,-28.92786,152.749759
2471,"BORA RIDGE",NSW,-29.018999,153.243213
2472,"BROADWATER",NSW,-29.156771,153.303855
2473,"BUNDJALUNG",NSW,-29.2343298,153.3210837
2474,"AFTERLEE",NSW,-28.499375,152.88504
2475,"BEAURY CREEK",NSW,-28.546257,152.388341
2476,"ACACIA CREEK",NSW,-28.36456,152.49765
2477,"ALSTONVALE",NSW,-28.907675,153.427314
2478,"BALLINA",NSW,-28.865483,153.532475
2479,"BANGALOW",NSW,-28.709545,153.514963
2480,"BACK CREEK",NSW,-28.706486,153.25943
2481,"BROKEN HEAD",NSW,-28.660756,153.592843
2482,"GOONENGERRY",NSW,-28.547307,153.432398
2483,"BILLINUDGEL",NSW,-28.461128,153.494236
2484,"BACK CREEK",NSW,-28.38059,153.31648
2485,"TWEED HEADS",NSW,-28.184241,153.526816
2486,"BANORA POINT",NSW,-28.215215,153.479217
2487,"CASUARINA",NSW,-28.27973,153.548588
2488,"BOGANGAR",NSW,-28.34099,153.560693
2489,"HASTINGS POINT",NSW,-28.392183,153.541853
2490,"NORTH TUMBULGUM",NSW,-28.271718,153.472644
2500,"CONISTON",NSW,-34.423171,150.874294
2502,"CRINGILA",NSW,-34.494723,150.873081
2505,"KEMBLAWARRA",NSW,-34.466406,150.943899
2506,"BERKELEY",NSW,-34.48494,150.840792
2508,"COALCLIFF",NSW,-34.230944,150.969679
2515,"AUSTINMER",NSW,-34.300293,150.9299
2516,"BULLI",NSW,-34.332109,150.904835
2517,"RUSSELL VALE",NSW,-34.349362,150.891169
2518,"BELLAMBI",NSW,-34.373654,150.886721
2519,"BALGOWNIE",NSW,-34.35558,150.709623
2520,"WOLLONGONG",NSW,-33.937789,151.139594
2522,"UNIVERSITY OF WOLLONGONG",NSW,-34.405103,150.877805
2525,"FIGTREE",NSW,-34.437229,150.818904
2526,"CORDEAUX",NSW,-34.380765,150.77681
2527,"ALBION PARK",NSW,-34.583539,150.754592
2528,"BARRACK HEIGHTS",NSW,-34.548722,150.855135
2529,"BALARANG",NSW,-34.592433,150.84584
2530,"AVONDALE",NSW,-34.505411,150.766132
2533,"BOMBO",NSW,-34.645377,150.756883
2534,"BROUGHTON VILLAGE",NSW,-34.74500177,150.7510656
2535,"BACK FOREST",NSW,-34.762116,150.678303
2536,"BATEHAVEN",NSW,-35.671272,150.125945
2537,"BERGALIA",NSW,-35.939649,149.912199
2538,"BROOMAN",NSW,-35.366161,150.320507
2539,"BAWLEY POINT",NSW,-35.522387,150.393202
2540,"BADAGARANG",NSW,-34.8282,150.5789
2541,"BANGALEE",NSW,-34.990592,150.450994
2545,"BELOWRA",NSW,-36.127663,149.792292
2546,"AKOLELE",NSW,-36.25486,150.225372
2548,"BERRAMBOOL",NSW,-36.860723,149.894825
2549,"BALD HILLS",NSW,-36.953196,149.851694
2550,"ANGLEDALE",NSW,-36.737758,149.699222
2551,"BOYDTOWN",NSW,-37.267687,149.792364
2555,"BADGERYS CREEK",NSW,-33.883376,150.741351
2556,"BRADFIELD",NSW,-33.9163,150.734
2557,"CATHERINE FIELD",NSW,-33.993545,150.774858
2558,"EAGLE VALE",NSW,-34.031602,150.799483
2559,"BLAIRMOUNT",NSW,-34.051274,150.793614
2560,"AIRDS",NSW,-34.194216,150.768408
2563,"MENANGLE PARK",NSW,-34.102735,150.749847
2564,"GLENQUARIE",NSW,-33.998362,150.894916
2565,"BARDIA",NSW,-33.97723383,150.8618744
2566,"BOW BOWING",NSW,-34.027283,150.842258
2567,"CURRANS HILL",NSW,-34.055155,150.756493
2568,"MENANGLE",NSW,-34.147379,150.718007
2569,"DOUGLAS PARK",NSW,-34.196004,150.708875
2570,"BELIMBLA PARK",NSW,-34.042913,150.525292
2571,"BALMORAL",NSW,-34.30254366,150.5152938
2572,"LAKESLAND",NSW,-34.193052,150.559186
2573,"TAHMOOR",NSW,-34.218439,150.584634
2574,"AVON",NSW,-34.4254438,150.6685734
2575,"ALPINE",NSW,-34.347195,150.342214
2576,"BONG BONG",NSW,-34.525612,150.503502
2577,"AVOCA",NSW,-34.595027,150.410978
2578,"BUNDANOON",NSW,-34.715579,150.293226
2579,"BIG HILL",NSW,-34.711848,150.13033
2580,"BANNABY",NSW,-34.726283,149.729215
2581,"BELLMOUNT FOREST",NSW,-34.764484,149.286631
2582,"BANGO",NSW,-34.75833012,148.9655031
2583,"BIGGA",NSW,-34.196526,149.254163
2584,"BINALONG",NSW,-34.711018,148.555243
2585,"GALONG",NSW,-34.572329,148.498501
2586,"BOOROWA",NSW,-34.378631,148.797264
2587,"AURVILLE",NSW,-34.505797,148.360971
2588,"CULLINGA",NSW,-34.599488,148.255601
2590,"BETHUNGRA",NSW,-34.714515,147.896911
2594,"ASHVILLE",NSW,-34.231083,148.10732
2600,"BARTON",ACT,-35.302911,149.201072
2601,"ACTON",ACT,-35.275863,149.113796
2602,"AINSLIE",ACT,-35.248071,149.148147
2603,"FORREST",ACT,-35.330382,149.125739
2604,"CAUSEWAY",ACT,-35.336413,149.147614
2605,"CURTIN",ACT,-35.335821,149.093455
2606,"CHIFLEY",ACT,-35.351693,149.092601
2607,"FARRER",ACT,-35.369991,149.094831
2608,"CIVIC SQUARE",ACT,-35.282868,149.129372
2609,"CANBERRA AIRPORT",ACT,-35.304469,149.1940419
2610,"CANBERRA BC",ACT,-35.2809,149.13
2611,"BIMBERI",NSW,-35.57315758,148.7089956
2612,"BRADDON",ACT,-35.270615,149.133208
2614,"ARANDA",ACT,-35.257315,149.049796
2615,"CHARNWOOD",ACT,-35.215386,149.029308
2616,"BELCONNEN",ACT,-35.248442,149.070336
2617,"BELCONNEN",ACT,-35.231279,149.086682
2618,"HALL",ACT,-35.135588,149.043278
2619,"JERRABOMBERRA",NSW,-35.378159,149.194535
2620,"BEARD",ACT,-35.34172619,149.2104515
2621,"ANEMBO",NSW,-35.4698,149.484038
2622,"ARALUEN",NSW,-35.628428,149.752107
2623,"CAPTAINS FLAT",NSW,-35.552827,149.445083
2624,"BLUE COW",NSW,-36.180818,148.441281
2625,"THREDBO",NSW,-36.50661,148.301005
2626,"BREDBO",NSW,-35.941228,149.168553
2627,"BULLOCKS FLAT",NSW,-36.409113,148.232341
2628,"AVONSIDE",NSW,-36.39806355,148.7203767
2629,"ADAMINABY",NSW,-35.997349,148.769744
2630,"ARABLE",NSW,-36.177296,149.129166
2631,"ANDO",NSW,-36.529386,149.306729
2632,"BIBBENLUKE",NSW,-37.020122,149.220453
2633,"CORROWONG",NSW,-36.865206,148.701564
2640,"ALBURY",NSW,-36.016196,147.026549
2641,"HAMILTON VALLEY",NSW,-36.038655,146.930436
2642,"BIDGEEMIA",NSW,-35.39437569,146.4617054
2643,"HOWLONG",NSW,-35.936556,146.617535
2644,"BOWNA",NSW,-35.773247,147.391271
2645,"COONONG",NSW,-35.333843,146.332431
2646,"BALLDALE",NSW,-35.757569,146.324523
2647,"MULWALA",NSW,-35.905463,145.976131
2648,"ANABRANCH NORTH",NSW,-33.29624634,141.8018461
2649,"LAUREL HILL",NSW,-35.608279,148.091211
2650,"ALFREDTOWN",NSW,-35.07459,147.376202
2651,"FOREST HILL",NSW,-35.162259,147.463477
2652,"BOORGA",NSW,-35.405064,147.64961
2653,"BURRA",NSW,-35.776209,148.041339
2655,"BIRDLIP",NSW,-35.225102,147.047366
2656,"BROOKDALE",NSW,-35.356021,146.767674
2658,"GRUBBEN",NSW,-35.535739,146.977849
2659,"ALMA PARK",NSW,-35.610147,146.767477
2660,"CARNSDALE",NSW,-35.699906,147.07831
2661,"KAPOOKA",NSW,-35.157697,147.277559
2663,"BUNDURE",NSW,-34.933478,147.716767
2665,"ARDLETHAN",NSW,-34.313241,146.841533
2666,"COMBANING",NSW,-34.487779,147.583811
2668,"BARMEDMAN",NSW,-34.121499,147.405434
2669,"BYGALORIE",NSW,-33.814887,146.667476
2671,"ALLEENA",NSW,-33.839275,147.308172
2672,"BURGOONEY",NSW,-33.24358,146.40002
2675,"HILLSTON",NSW,-33.459192,145.479249
2678,"CHARLES STURT UNIVERSITY",NSW,-35.059334,147.351953
2680,"BEELBANGERA",NSW,-34.321422,145.914625
2681,"MYALL PARK",NSW,-34.116715,146.14674
2700,"BIRREGO",NSW,-34.902108,146.303599
2701,"BERRY JERRY",NSW,-34.70683231,147.2465178
2702,"GANMAIN",NSW,-34.86668,147.014242
2703,"YANCO",NSW,-34.607943,146.370827
2705,"BROBENAH",NSW,-34.489867,146.373471
2706,"DARLINGTON POINT",NSW,-34.569464,145.937532
2707,"ARGOON",NSW,-34.768863,145.807866
2708,"ALBURY MSC",NSW,-36.0737,146.914
2710,"BARRATTA",NSW,-35.357619,144.984378
2711,"BOOLIGAL",NSW,-34.257669,144.695233
2712,"BERRIGAN",NSW,-35.754185,145.872814
2713,"BLIGHTY",NSW,-35.586342,145.52068
2714,"ARATULA",NSW,-35.77427101,145.2868727
2715,"ARUMPO",NSW,-33.81289825,142.6742276
2716,"COREE SOUTH",NSW,-35.24588,145.627125
2717,"COOMEALLA",NSW,-34.08796357,142.0944482
2720,"ARGALONG",NSW,-35.379935,148.383619
2721,"BLAND",NSW,-34.04948,147.712064
2722,"BONGALONG",NSW,-35.053523,148.102866
2725,"STOCKINBINGAL",NSW,-34.44817,147.815806
2726,"BUNDARBO",NSW,-34.78436,148.326675
2727,"ADJUNGBILLY",NSW,-34.983539,148.390372
2729,"ADELONG",NSW,-35.227753,147.923797
2730,"BAGO",NSW,-35.510039,148.034012
2731,"BUNNALOO",NSW,-35.893394,144.641831
2732,"BARHAM",NSW,-35.542622,144.230168
2733,"DHURAGOON",NSW,-35.013711,144.206139
2734,"COOBOOL",NSW,-34.770931,143.387009
2735,"KORALEIGH",NSW,-35.129137,143.426745
2736,"GOODNIGHT",NSW,-34.965178,143.375822
2737,"BENANEE",NSW,-34.574113,142.87381
2738,"GOL GOL",NSW,-34.164709,142.225122
2739,"BOEILL CREEK",NSW,-34.15375195,142.1056955
2745,"GLENMORE PARK",NSW,-33.871341,150.671487
2747,"CADDENS",NSW,-33.77413222,150.7376907
2748,"ORCHARD HILLS",NSW,-33.811042,150.72319
2749,"CASTLEREAGH",NSW,-33.702167,150.686816
2750,"EMU HEIGHTS",NSW,-33.755476,150.678551
2751,"PENRITH",NSW,-33.732127,151.280352
2752,"BRERETON",NSW,-33.942212,150.580102
2753,"AGNES BANKS",NSW,-33.604022,150.646053
2754,"NORTH RICHMOND",NSW,-33.557893,150.72802
2756,"BLIGH PARK",NSW,-33.466271,150.88744
2757,"KURMOND",NSW,-33.554839,150.692086
2758,"BERAMBING",NSW,-33.483614,150.601824
2759,"ERSKINE PARK",NSW,-33.82252,150.781767
2760,"COLYTON",NSW,-33.763976,150.780073
2761,"COLEBEE",NSW,-33.742006,150.84746
2762,"SCHOFIELDS",NSW,-33.700603,150.880097
2763,"ACACIA GARDENS",NSW,-33.725619,150.89547
2765,"ANGUS",NSW,-33.672237,150.79576
2766,"EASTERN CREEK",NSW,-33.810388,150.850764
2767,"BUNGARRIBEE",NSW,-33.77972161,150.8651828
2768,"GLENWOOD",NSW,-33.737863,150.922732
2769,"THE PONDS",NSW,-33.7054643,150.9054927
2770,"BIDWILL",NSW,-33.756443,150.810246
2773,"GLENBROOK",NSW,-33.768837,150.626788
2774,"BLAXLAND",NSW,-33.732671,150.62902
2775,"CENTRAL MACDONALD",NSW,-33.305478,150.918639
2776,"FAULCONBRIDGE",NSW,-33.666855,150.553111
2777,"HAWKESBURY HEIGHTS",NSW,-33.692534,150.587962
2778,"LINDEN",NSW,-33.728545,150.484549
2779,"HAZELBROOK",NSW,-33.7237,150.45933
2780,"KATOOMBA",NSW,-33.832923,150.435639
2782,"KEDUMBA",NSW,-33.709836,150.376454
2783,"LAWSON",NSW,-33.725566,150.431839
2784,"BULLABURRA",NSW,-33.729916,150.407048
2785,"BLACKHEATH",NSW,-33.707725,150.181517
2786,"BELL",NSW,-33.533055,150.317795
2787,"BELOON",NSW,-34.1703,150.3859
2790,"BEN BULLEN",NSW,-33.310653,150.356874
2791,"CARCOAR",NSW,-33.634941,149.164475
2792,"BURNT YARDS",NSW,-33.626627,149.08632
2793,"DARBYS FALLS",NSW,-33.783955,148.90873
2794,"BUMBALDRY",NSW,-33.898505,148.664838
2795,"ABERCROMBIE",NSW,-33.820797,149.474401
2797,"GARLAND",NSW,-33.605124,148.952525
2798,"BENEREE",NSW,-33.462193,149.158755
2799,"BARRY",NSW,-33.571335,149.267666
2800,"AMMERDOWN",NSW,-33.233929,149.116263
2803,"BENDICK MURRELL",NSW,-34.176731,148.523704
2804,"BILLIMARI",NSW,-33.539564,148.633991
2805,"GOOLOOGONG",NSW,-33.64991,148.420031
2806,"EUGOWRA",NSW,-33.375562,148.375577
2807,"KOORAWATHA",NSW,-34.036494,148.562165
2808,"WYANGALA",NSW,-33.976987,149.02317
2809,"GREENETHORPE",NSW,-33.972859,148.432316
2810,"BIMBI",NSW,-33.902869,148.054607
2817,"TONDERBURINE",NSW,-31.3306,148.7629
2818,"BENOLONG",NSW,-32.5009,148.6686
2820,"APSLEY",NSW,-32.553282,148.989227
2821,"BURROWAY",NSW,-32.255249,148.110385
2822,"BALLADORAN",NSW,-31.8948,148.558
2823,"BUNDEMAR",NSW,-32.07687,147.838499
2824,"BEEMUNNEL",NSW,-31.373201,147.785831
2825,"BABINDA",NSW,-31.92717863,146.5079936
2826,"BOGAN",NSW,-32.0288,147.4794
2827,"BEARBONG",NSW,-31.63315,148.648353
2828,"ARMATREE",NSW,-31.42558954,148.4918433
2829,"BILLEROY",NSW,-30.63014904,148.4543715
2830,"BALLIMORE",NSW,-32.24224,148.657282
2831,"ARMATREE",NSW,-31.927892,146.615174
2832,"ANGLEDOOL",NSW,-29.958521,147.983033
2833,"COLLARENEBRI",NSW,-29.391492,148.378523
2834,"ANGLEDOOL",NSW,-29.12157608,147.9287091
2835,"BULLA",NSW,-31.551822,145.406579
2836,"GEMVILLE",NSW,-31.498123,143.270562
2838,"GOODOOGA",NSW,-29.3107,147.404
2839,"BREWARRINA",NSW,-29.8313,146.94474
2840,"BARRINGUN",NSW,-30.205908,145.251371
2842,"MENDOORAN",NSW,-31.690852,149.051954
2843,"COOLAH",NSW,-31.82434,149.727798
2844,"BIRRIWA",NSW,-31.924969,149.319295
2845,"ANGUS PLACE",NSW,-33.404961,150.04201
2846,"AIRLY",NSW,-33.071806,150.118609
2847,"PIPERS FLAT",NSW,-33.404462,149.969799
2848,"BROGANS CREEK",NSW,-32.901412,149.964131
2849,"BOGEE",NSW,-32.708935,150.059088
2850,"AARONS PASS",NSW,-32.685033,149.602925
2852,"BARNEYS REEF",NSW,-32.280785,149.45909
2864,"BOREE",NSW,-33.340269,148.731814
2865,"BOCOBRA",NSW,-33.09511057,148.5386077
2866,"AMAROO",NSW,-33.007264,148.904531
2867,"BALDRY",NSW,-32.965877,148.611239
2868,"BOURNEWOOD",NSW,-32.740876,148.561505
2869,"MUNGERY",NSW,-32.584028,148.266655
2870,"ALECTOWN",NSW,-33.035496,148.16819
2871,"BANDON",NSW,-33.476768,147.811688
2873,"ALBERT",NSW,-32.269414,147.260419
2874,"TULLAMORE",NSW,-32.619929,147.538565
2875,"BRUIE PLAINS",NSW,-32.915604,147.603587
2876,"BOGAN GATE",NSW,-33.159023,147.772834
2877,"BOBADAH",NSW,-32.27339899,146.6853835
2878,"BEILPAJAH",NSW,-32.823221,144.495401
2879,"COPI HOLLOW",NSW,-32.366157,142.666608
2880,"BROKEN HILL",NSW,-30.170441,142.203381
2890,"AUSTRALIAN DEFENCE FORCES",NSW,-32.8310013,150.1390075
2891,"INTERNATIONAL MC",NSW,-33.8688,151.209
2898,"LORD HOWE ISLAND",NSW,-31.55247,159.081217
2899,"NORFOLK ISLAND",NSW,-36.084231,146.928783
2900,"GREENWAY",ACT,-35.41891,149.063805
2901,"TUGGERANONG DC",ACT,-35.4197,149.069
2902,"KAMBAH",ACT,-35.389263,149.049785
2903,"ERINDALE CENTRE",ACT,-35.402705,149.081776
2904,"FADDEN",ACT,-35.410206,149.111402
2905,"BONYTHON",ACT,-35.431011,149.110025
2906,"BANKS",ACT,-35.45676,149.08972
2911,"CRACE",ACT,-35.218737,149.132505
2912,"GUNGAHLIN",ACT,-35.172453,149.123552
2913,"CASEY",ACT,-35.16700193,149.0947174
2914,"AMAROO",ACT,-35.170334,149.125877
3000,"MELBOURNE",VIC,-37.81443733,144.9825846
3001,"MELBOURNE",VIC,-37.81443733,144.9825846
3002,"EAST MELBOURNE",VIC,-37.81443733,144.9825846
3003,"WEST MELBOURNE",VIC,-37.810871,144.949592
3004,"MELBOURNE",VIC,-37.81443733,144.9825846
3005,"WORLD TRADE CENTRE",VIC,-37.824608,144.950858
3006,"SOUTH WHARF",VIC,-37.82528675,144.9520744
3008,"DOCKLANDS",VIC,-37.814719,144.948039
3010,"UNIVERSITY OF MELBOURNE",VIC,-37.796152,144.961351
3011,"FOOTSCRAY",VIC,-37.807101,144.907953
3012,"BROOKLYN",VIC,-37.807135,144.861162
3013,"YARRAVILLE",VIC,-37.814183,144.888686
3015,"NEWPORT",VIC,-37.838242,144.880556
3016,"WILLIAMSTOWN",VIC,-37.863743,144.888461
3018,"ALTONA",VIC,-37.86172,144.812736
3019,"BRAYBROOK",VIC,-37.784683,144.854014
3020,"ALBION",VIC,-37.777204,144.829945
3021,"ALBANVALE",VIC,-37.743361,144.796693
3022,"ARDEER",VIC,-37.795937,144.793961
3023,"BURNSIDE",VIC,-37.78272,144.770641
3024,"FIELDSTONE",VIC,-37.75045631,144.649936
3025,"ALTONA EAST",VIC,-37.835562,144.839704
3026,"DERRIMUT",VIC,-37.91624,144.64209
3027,"LAVERTON RAAF",VIC,-37.932419,144.754147
3028,"ALTONA MEADOWS",VIC,-37.875066,144.777165
3029,"HOPPERS CROSSING",VIC,-37.837165,144.705831
3030,"CHARTWELL",VIC,-37.91624,144.64209
3031,"FLEMINGTON",VIC,-37.79119,144.923403
3032,"ASCOT VALE",VIC,-37.774486,144.897221
3033,"KEILOR EAST",VIC,-37.74107,144.857638
3034,"AVONDALE HEIGHTS",VIC,-37.761235,144.86194
3036,"KEILOR",VIC,-37.705324,144.82246
3037,"CALDER PARK",VIC,-37.715579,144.780474
3038,"KEILOR DOWNS",VIC,-37.700454,144.766873
3039,"MOONEE PONDS",VIC,-37.766184,144.922995
3040,"ABERFELDIE",VIC,-37.751845,144.902556
3041,"CROSS KEYS",VIC,-37.731464,144.904815
3042,"AIRPORT WEST",VIC,-37.727529,144.866305
3043,"GLADSTONE PARK",VIC,-37.691916,144.888368
3044,"PASCOE VALE",VIC,-37.731138,144.936356
3045,"MELBOURNE AIRPORT",VIC,-37.674739,144.836195
3046,"GLENROY",VIC,-37.706578,144.927968
3047,"BROADMEADOWS",VIC,-37.681105,144.930247
3048,"COOLAROO",VIC,-37.653917,144.923609
3049,"ATTWOOD",VIC,-37.673182,144.888492
3050,"ROYAL MELBOURNE HOSPITAL",VIC,-37.7989153,144.95617
3051,"HOTHAM HILL",VIC,-37.8006,144.943559
3052,"MELBOURNE UNIVERSITY",VIC,-37.788996,144.948903
3053,"CARLTON",VIC,-37.803569,144.966112
3054,"CARLTON NORTH",VIC,-37.786971,144.96724
3055,"BRUNSWICK SOUTH",VIC,-37.763584,144.942222
3056,"BRUNSWICK",VIC,-37.766292,144.960108
3057,"BRUNSWICK EAST",VIC,-37.770012,144.97728
3058,"BATMAN",VIC,-37.739901,144.964524
3059,"GREENVALE",VIC,-37.639887,144.879626
3060,"FAWKNER",VIC,-37.707326,144.967874
3061,"CAMPBELLFIELD",VIC,-37.666265,144.956763
3062,"SOMERTON",VIC,-37.632986,144.932557
3063,"OAKLANDS JUNCTION",VIC,-37.595015,144.856082
3064,"CRAIGIEBURN",VIC,-37.546522,144.942199
3065,"FITZROY",VIC,-37.802608,144.977795
3066,"COLLINGWOOD",VIC,-37.804846,144.986906
3067,"ABBOTSFORD",VIC,-37.803515,144.998203
3068,"CLIFTON HILL",VIC,-37.790974,144.98622
3070,"NORTHCOTE",VIC,-37.774064,144.999745
3071,"THORNBURY",VIC,-37.759426,145.007006
3072,"GILBERTON",VIC,-37.74247,145.005702
3073,"KEON PARK",VIC,-37.712474,145.005955
3074,"THOMASTOWN",VIC,-37.684684,145.006644
3075,"LALOR",VIC,-37.66607,145.002679
3076,"EPPING",VIC,-37.643598,145.022137
3078,"ALPHINGTON",VIC,-37.778298,145.025853
3079,"IVANHOE",VIC,-37.772675,145.048573
3081,"BELLFIELD",VIC,-37.743008,145.046401
3082,"MILL PARK",VIC,-37.664858,145.065658
3083,"BUNDOORA",VIC,-37.701346,145.056223
3084,"BANYULE",VIC,-37.744406,145.082685
3085,"MACLEOD",VIC,-37.724398,145.06988
3086,"LA TROBE UNIVERSITY",VIC,-37.721328,145.047012
3087,"WATSONIA",VIC,-37.711787,145.082426
3088,"BRIAR HILL",VIC,-37.700175,145.108339
3089,"DIAMOND CREEK",VIC,-37.667713,145.150369
3090,"PLENTY",VIC,-37.668408,145.107802
3091,"YARRAMBAT",VIC,-37.637478,145.136688
3093,"LOWER PLENTY",VIC,-37.73919,145.115208
3094,"MONTMORENCY",VIC,-37.719759,145.124727
3095,"ELTHAM",VIC,-37.713299,145.158579
3096,"WATTLE GLEN",VIC,-37.670851,145.185826
3097,"BEND OF ISLANDS",VIC,-37.695254,145.224204
3099,"ARTHURS CREEK",VIC,-37.592101,145.192854
3101,"COTHAM",VIC,-37.807397,145.036575
3102,"KEW EAST",VIC,-37.793805,145.05219
3103,"BALWYN",VIC,-37.811738,145.074116
3104,"BALWYN NORTH",VIC,-37.793695,145.081714
3105,"BULLEEN",VIC,-37.772477,145.084806
3106,"TEMPLESTOWE",VIC,-37.758335,145.142675
3107,"TEMPLESTOWE LOWER",VIC,-37.765225,145.110677
3108,"DONCASTER",VIC,-37.786429,145.125797
3109,"DONCASTER EAST",VIC,-37.784786,145.161649
3111,"DONVALE",VIC,-37.794054,145.186334
3113,"NORTH WARRANDYTE",VIC,-37.752123,145.204689
3114,"PARK ORCHARDS",VIC,-37.778595,145.212599
3115,"WONGA PARK",VIC,-37.736734,145.267586
3116,"CHIRNSIDE PARK",VIC,-37.737629,145.313086
3121,"BURNLEY",VIC,-37.823303,145.001788
3122,"AUBURN SOUTH",VIC,-37.822725,145.030602
3123,"AUBURN",VIC,-37.829752,145.049415
3124,"CAMBERWELL",VIC,-37.840867,145.068191
3125,"BENNETTSWOOD",VIC,-37.851305,145.101
3126,"CAMBERWELL EAST",VIC,-37.827203,145.075748
3127,"MONT ALBERT",VIC,-37.825173,145.097236
3128,"BOX HILL",VIC,-37.828866,145.122393
3129,"BOX HILL NORTH",VIC,-37.806965,145.125084
3130,"BLACKBURN",VIC,-37.81805,145.149653
3131,"BRENTFORD SQUARE",VIC,-37.817798,145.174489
3132,"MITCHAM",VIC,-37.819222,145.196686
3133,"VERMONT",VIC,-37.848786,145.192303
3134,"HEATHWOOD",VIC,-37.823058,145.257929
3135,"BEDFORD ROAD",VIC,-37.819594,145.248209
3136,"CROYDON",VIC,-37.779876,145.282396
3137,"KILSYTH",VIC,-37.819364,145.313346
3138,"MOOROOLBARK",VIC,-37.78391,145.322794
3139,"BEENAK",VIC,-37.814506,145.532666
3140,"LILYDALE",VIC,-37.759154,145.363185
3141,"CHAPEL STREET NORTH",VIC,-37.840679,144.991264
3142,"HAWKSBURN",VIC,-37.84411,145.017732
3143,"ARMADALE",VIC,-37.858918,145.019393
3144,"KOOYONG",VIC,-37.857443,145.034127
3145,"CAULFIELD EAST",VIC,-37.873557,145.049328
3146,"GLEN IRIS",VIC,-37.857116,145.057833
3147,"ASHBURTON",VIC,-37.867864,145.092946
3148,"CHADSTONE",VIC,-37.882562,145.090149
3149,"MOUNT WAVERLEY",VIC,-37.880748,145.128118
3150,"BRANDON PARK",VIC,-37.914383,145.168834
3151,"BURWOOD EAST",VIC,-37.85523,145.151119
3152,"KNOX CITY CENTRE",VIC,-37.864951,145.221695
3153,"BAYSWATER",VIC,-37.845116,145.270141
3154,"THE BASIN",VIC,-37.856009,145.31784
3155,"BORONIA",VIC,-37.861799,145.284418
3156,"FERNTREE GULLY",VIC,-37.917932,145.292895
3158,"UPWEY",VIC,-37.910077,145.324468
3159,"MENZIES CREEK",VIC,-37.921894,145.3892
3160,"BELGRAVE",VIC,-37.935097,145.350821
3161,"CAULFIELD JUNCTION",VIC,-37.873733,145.019929
3162,"CAULFIELD",VIC,-37.892139,145.023394
3163,"BOORAN ROAD PO",VIC,-37.896497,145.057237
3164,"DANDENONG SOUTH",VIC,-38.02243,145.23738
3165,"BENTLEIGH EAST",VIC,-37.922369,145.059426
3166,"HUGHESDALE",VIC,-37.902805,145.089719
3167,"OAKLEIGH SOUTH",VIC,-37.923345,145.087614
3168,"CLAYTON",VIC,-37.91342,145.12665
3169,"CLARINDA",VIC,-37.945149,145.115271
3170,"MULGRAVE",VIC,-37.920945,145.167859
3171,"SANDOWN VILLAGE",VIC,-37.944608,145.156783
3172,"DINGLEY VILLAGE",VIC,-37.975981,145.13465
3173,"KEYSBOROUGH",VIC,-38.006771,145.164863
3174,"NOBLE PARK",VIC,-37.966218,145.17877
3175,"BANGHOLME",VIC,-38.016114,145.208504
3176,"SCORESBY BC",VIC,-37.8992,145.23
3177,"DOVETON",VIC,-37.990985,145.237462
3178,"ROWVILLE",VIC,-37.924431,145.241589
3179,"SCORESBY",VIC,-37.897137,145.222634
3180,"KNOXFIELD",VIC,-37.893263,145.246731
3181,"PRAHRAN",VIC,-37.854683,144.995504
3182,"ST KILDA",VIC,-37.865322,144.979478
3183,"BALACLAVA",VIC,-37.869072,144.999026
3184,"BRIGHTON ROAD",VIC,-37.881414,144.984034
3185,"ELSTERNWICK",VIC,-37.891841,145.002571
3186,"BRIGHTON",VIC,-37.915066,144.996329
3187,"BRIGHTON EAST",VIC,-37.925371,145.013593
3188,"HAMPTON",VIC,-37.938889,145.007238
3189,"MOORABBIN",VIC,-37.942021,145.047802
3190,"HIGHETT",VIC,-37.951394,145.038147
3191,"SANDRINGHAM",VIC,-37.956585,145.013472
3192,"CHELTENHAM",VIC,-37.965655,145.0623
3193,"BEAUMARIS",VIC,-37.978698,145.031561
3194,"MENTONE",VIC,-37.985059,145.067356
3195,"ASPENDALE",VIC,-38.007024,145.104105
3196,"BONBEACH",VIC,-38.046479,145.122762
3197,"CARRUM",VIC,-38.072748,145.134111
3198,"BELVEDERE PARK",VIC,-38.103194,145.137811
3199,"FRANKSTON",VIC,-38.162578,145.135961
3200,"FRANKSTON NORTH",VIC,-38.126458,145.157574
3201,"CARRUM DOWNS",VIC,-38.092874,145.177905
3202,"HEATHERTON",VIC,-37.960555,145.092698
3204,"BENTLEIGH",VIC,-37.916956,145.036783
3205,"SOUTH MELBOURNE",VIC,-37.831693,144.958176
3206,"ALBERT PARK",VIC,-37.846534,144.95086
3207,"GARDEN CITY",VIC,-37.832179,144.918044
3211,"LITTLE RIVER",VIC,-37.943586,144.498479
3212,"AVALON",VIC,-38.039958,144.422666
3213,"ANAKIE",VIC,-37.9406,144.2894
3214,"CORIO",VIC,-38.084781,144.352385
3215,"BELL PARK",VIC,-38.111002,144.33452
3216,"BELMONT",VIC,-38.215906,144.334005
3217,"ARMSTRONG CREEK",VIC,-38.23413976,144.3707843
3218,"FYANSFORD",VIC,-38.13028025,144.2894883
3219,"BREAKWATER",VIC,-38.17277,144.389533
3220,"BAREENA",VIC,-38.157038,144.34652
3221,"ANAKIE",VIC,-38.181608,144.427419
3222,"CLIFTON SPRINGS",VIC,-38.209921,144.572989
3223,"BELLARINE",VIC,-38.13622989,144.6217267
3224,"LEOPOLD",VIC,-38.202905,144.462401
3225,"POINT LONSDALE",VIC,-38.271074,144.614191
3226,"OCEAN GROVE",VIC,-38.263811,144.523761
3227,"BARWON HEADS",VIC,-38.263052,144.40814
3228,"BELLBRAE",VIC,-38.307545,144.299978
3230,"ANGLESEA",VIC,-38.409363,144.176397
3231,"AIREYS INLET",VIC,-38.459435,144.106892
3232,"BIG HILL",VIC,-38.544977,143.970167
3233,"APOLLO BAY",VIC,-38.679417,143.671777
3234,"GREY RIVER",VIC,-38.6791182,143.832394
3235,"BENWERRIN",VIC,-38.411964,143.924288
3236,"FORREST",VIC,-38.521903,143.712384
3237,"AIRE VALLEY",VIC,-38.716838,143.474392
3238,"GLENAIRE",VIC,-38.781787,143.429978
3239,"CARLISLE RIVER",VIC,-38.564014,143.448102
3240,"BUCKLEY",VIC,-38.263005,144.174411
3241,"BAMBRA",VIC,-38.20363,143.892824
3242,"BIRREGURRA",VIC,-38.346704,143.740326
3243,"BARWON DOWNS",VIC,-38.364034,143.82588
3249,"ALVIE",VIC,-38.388291,143.557159
3250,"COLAC",VIC,-38.311513,143.584742
3251,"BEEAC",VIC,-38.155186,143.648479
3254,"COROROOKE",VIC,-38.289636,143.52228
3260,"BOOKAAR",VIC,-38.209584,143.244766
3264,"TERANG",VIC,-38.232443,142.884394
3265,"BOORCAN",VIC,-38.178237,142.952372
3266,"BULLAHARRE",VIC,-38.407094,143.133721
3267,"SCOTTS CREEK",VIC,-38.466647,143.06073
3268,"AYRFORD",VIC,-38.535802,142.908911
3269,"PORT CAMPBELL",VIC,-38.660637,143.177116
3270,"PETERBOROUGH",VIC,-38.602117,142.870164
3271,"DARLINGTON",VIC,-37.888549,142.98753
3272,"MORTLAKE",VIC,-37.982186,142.853634
3273,"HEXHAM",VIC,-37.981249,142.660643
3274,"CARAMUT",VIC,-37.960778,142.478612
3275,"MAILER FLAT",VIC,-38.301794,142.457611
3276,"MINJAH",VIC,-38.0538178,142.481806
3277,"ALLANSFORD",VIC,-38.389835,142.660221
3278,"PURNIM",VIC,-38.278013,142.624719
3279,"BALLANGEICH",VIC,-38.214555,142.657483
3280,"DENNINGTON",VIC,-38.37884,142.482889
3281,"BUSHFIELD",VIC,-38.254454,142.630109
3282,"ILLOWA",VIC,-38.268176,142.351658
3283,"CROSSLEY",VIC,-38.313434,142.328761
3284,"ORFORD",VIC,-38.270398,142.119266
3285,"CODRINGTON",VIC,-38.290199,142.058916
3286,"CONDAH SWAMP",VIC,-37.9711005,141.8361176
3287,"HAWKESDALE",VIC,-38.059868,142.31953
3289,"GAZETTE",VIC,-37.893196,142.227754
3292,"NELSON",VIC,-38.038873,141.051987
3293,"GLENTHOMPSON",VIC,-37.655945,142.527253
3294,"DUNKELD",VIC,-37.573978,142.312764
3300,"BYADUK NORTH",VIC,-37.743155,142.013356
3301,"BOCHARA",VIC,-38.118855,142.034141
3302,"BRANXHOLME",VIC,-37.847981,141.706379
3303,"BREAKAWAY CREEK",VIC,-37.980868,141.789606
3304,"BESSIEBELLE",VIC,-38.182084,141.952156
3305,"ALLESTREE",VIC,-38.235475,141.437227
3309,"DIGBY",VIC,-37.82644,141.511007
3310,"MERINO",VIC,-37.70789,141.549163
3311,"CASTERTON",VIC,-37.468159,141.229722
3312,"BAHGALLAH",VIC,-37.6391,141.365747
3314,"BULART",VIC,-37.586718,141.935665
3315,"BRIT BRIT",VIC,-37.408371,141.687516
3317,"HARROW",VIC,-37.166673,141.451647
3318,"CHARAM",VIC,-37.025316,141.269571
3319,"APSLEY",VIC,-36.873961,141.051389
3321,"HESSE",VIC,-38.087758,143.88056
3322,"CRESSY",VIC,-38.021333,143.743305
3323,"BERRYBANK",VIC,-38.026314,143.520934
3324,"LISMORE",VIC,-37.941939,143.375414
3325,"DERRINALLUM",VIC,-37.877452,143.185911
3328,"TEESDALE",VIC,-38.018664,144.043058
3329,"BARUNAH PARK",VIC,-37.983701,143.908716
3330,"ROKEWOOD",VIC,-37.918437,143.758576
3331,"BANNOCKBURN",VIC,-38.049195,144.194625
3332,"LETHBRIDGE",VIC,-37.944446,144.097178
3333,"BAMGANIE",VIC,-37.87179,144.04476
3334,"BUNGAL",VIC,-37.75803,144.086089
3335,"BONNIE BROOK",VIC,-37.69608887,144.6698898
3336,"AINTREE",VIC,-37.719,144.6684
3337,"HARKNESS",VIC,-37.65724033,144.5462424
3338,"BROOKFIELD",VIC,-37.705529,144.571033
3340,"BACCHUS MARSH",VIC,-37.787135,144.394442
3341,"DALES CREEK",VIC,-37.573711,144.308232
3342,"BALLAN",VIC,-37.651463,144.239102
3345,"GORDON",VIC,-37.5878,144.123664
3350,"ALFREDTON",VIC,-37.571941,143.864505
3351,"BERRINGA",VIC,-37.758248,143.637463
3352,"ADDINGTON",VIC,-37.482132,143.662387
3353,"BALLARAT",VIC,-37.7778,144.835743
3354,"BAKERY HILL",VIC,-37.560917,143.867158
3355,"LAKE GARDENS",VIC,-37.530285,143.82561
3356,"BONSHAW",VIC,-37.592283,143.82846
3357,"BUNINYONG",VIC,-37.653945,143.883416
3358,"WINTER VALLEY",VIC,-37.58012926,143.7928013
3360,"HAPPY VALLEY",VIC,-37.72758817,143.5955266
3361,"BRADVALE",VIC,-37.752643,143.373089
3363,"CRESWICK",VIC,-37.420588,143.88637
3364,"ALLENDALE",VIC,-37.334655,143.907186
3370,"CLUNES",VIC,-37.252718,143.815613
3371,"AMHERST",VIC,-37.196938,143.635622
3373,"BEAUFORT",VIC,-37.457785,143.343429
3374,"GREAT WESTERN",VIC,-37.231524,142.956916
3375,"BALLYROGAN",VIC,-37.424288,143.143621
3377,"AMPHITHEATRE",VIC,-37.231524,142.956916
3378,"TATYOON",VIC,-37.528792,142.985403
3379,"BERRAMBOOL",VIC,-37.7667,142.6833
3380,"BELLELLEN",VIC,-37.0666,142.771159
3381,"BARKLY",VIC,-36.988914,142.7154
3384,"BARKLY",VIC,-36.93829078,143.2173081
3385,"DADSWELLS BRIDGE",VIC,-36.904185,142.647565
3387,"BOLANGUM",VIC,-36.71744157,142.9814278
3388,"BANYENA",VIC,-36.597861,142.693946
3390,"KEWELL",VIC,-36.583744,142.487468
3391,"BRIM",VIC,-36.092132,142.446015
3392,"BOOLITE",VIC,-36.34199038,142.6792298
3393,"AILSA",VIC,-36.257725,142.387341
3395,"BEULAH",VIC,-35.918885,142.441984
3396,"HOPETOUN",VIC,-35.7157,142.329159
3399,"JUNG",VIC,-36.608521,142.357023
3400,"BRIMPAEN",VIC,-36.725245,142.203729
3401,"BLACKHEATH",VIC,-36.881534,141.940832
3402,"HORSHAM",VIC,-37.164183,142.666302
3407,"BALMORAL",VIC,-37.298061,141.948371
3409,"ARAPILES",VIC,-36.72484337,141.8632367
3412,"GOROKE",VIC,-36.658804,141.366071
3413,"MINIMAY",VIC,-36.699331,141.201068
3414,"ANTWERP",VIC,-36.388628,142.093883
3415,"MIRAM",VIC,-36.352459,141.339702
3418,"BROUGHTON",VIC,-36.074144,141.538074
3419,"KANIVA",VIC,-36.226015,141.101929
3420,"LILLIMUR",VIC,-36.41273,141.017332
3423,"JEPARIT",VIC,-36.13191,141.940764
3424,"ALBACUTYA",VIC,-35.727789,141.930872
3427,"DIGGERS REST",VIC,-37.643461,144.707974
3428,"BULLA",VIC,-37.591069,144.811494
3429,"SUNBURY",VIC,-37.56762,144.728973
3430,"CLARKEFIELD",VIC,-37.494056,144.806632
3431,"RIDDELLS CREEK",VIC,-37.474551,144.69202
3432,"BOLINDA",VIC,-37.448455,144.792581
3433,"MONEGEETTA",VIC,-37.413302,144.752095
3434,"CHEROKEE",VIC,-37.35388,144.750796
3435,"BENLOCH",VIC,-37.179453,144.743358
3437,"BULLENGAROOK",VIC,-37.501619,144.513018
3438,"NEW GISBORNE",VIC,-37.457528,144.602032
3440,"MACEDON",VIC,-37.413377,144.546151
3441,"MOUNT MACEDON",VIC,-37.399224,144.603892
3442,"ASHBOURNE",VIC,-37.330661,144.548846
3444,"BARFOLD",VIC,-37.171788,144.544716
3446,"DRUMMOND NORTH",VIC,-37.184831,144.374338
3447,"TARADALE",VIC,-37.157744,144.322487
3448,"ELPHINSTONE",VIC,-37.075364,144.387629
3450,"CASTLEMAINE",VIC,-37.061635,144.214903
3451,"BARKERS CREEK",VIC,-37.125338,144.21419
3453,"HARCOURT",VIC,-36.950365,144.281488
3458,"BARRYS REEF",VIC,-37.424116,144.33471
3460,"BASALT",VIC,-37.351704,144.144216
3461,"BULLARTO",VIC,-37.287848,144.170995
3462,"GREEN GULLY",VIC,-37.083561,144.053611
3463,"BARINGHUP",VIC,-36.957983,144.05651
3464,"CARISBROOK",VIC,-37.019811,143.841414
3465,"ADELAIDE LEAD",VIC,-37.021478,143.611335
3467,"AVOCA",VIC,-37.105993,143.412675
3468,"AMPHITHEATRE",VIC,-37.261481,143.379493
3469,"ELMHURST",VIC,-37.172964,143.280627
3472,"BET BET",VIC,-36.864952,143.657638
3475,"ARCHDALE",VIC,-36.70633,143.51213
3477,"AVON PLAINS",VIC,-36.688551,143.230699
3478,"AVON PLAINS",VIC,-36.688551,143.230699
3480,"AREEGRA",VIC,-36.31227,142.968057
3482,"MASSEY",VIC,-36.17028,142.766588
3483,"BALLAPUR",VIC,-35.901765,142.890804
3485,"BANYAN",VIC,-35.711533,142.671962
3487,"LASCELLES",VIC,-35.515627,142.616079
3488,"SPEED",VIC,-35.435634,142.427118
3489,"TEMPY",VIC,-35.332477,142.425302
3490,"BIG DESERT",VIC,-35.62103426,141.4849679
3491,"PATCHEWOLLOCK",VIC,-35.434099,142.218273
3494,"CARWARP",VIC,-34.486406,142.348315
3496,"CARDROSS",VIC,-34.287804,142.144177
3498,"IRYMPLE",VIC,-34.238385,142.172516
3500,"MILDURA",VIC,-34.1931,142.154161
3501,"HATTAH",VIC,-34.243279,142.100896
3502,"MILDURA",VIC,-37.972887,145.25835
3505,"BIRDWOODTON",VIC,-34.180532,142.004192
3506,"COWANGIE",VIC,-35.204199,141.385876
3507,"WALPEUP",VIC,-35.120596,142.035659
3509,"LINGA",VIC,-35.155031,141.680385
3512,"CARINA",VIC,-35.39199,141.121226
3515,"MARONG",VIC,-36.729444,144.062915
3516,"BRIDGEWATER",VIC,-36.607616,144.041722
3517,"BEARS LAGOON",VIC,-36.483116,143.886832
3518,"BERRIMAL",VIC,-36.474937,143.586215
3520,"KINYPANIAL",VIC,-36.405771,143.810786
3521,"PYALONG",VIC,-37.090071,144.912693
3522,"EMU FLAT",VIC,-37.050037,144.747197
3523,"ARGYLE",VIC,-36.837461,144.768359
3525,"BARRAKEE",VIC,-36.2835,143.364316
3527,"BUNGULUKE",VIC,-36.07096,143.241334
3529,"KALPIENUNG",VIC,-35.824259,143.232677
3530,"CULGOA",VIC,-35.701439,143.152747
3531,"BERRIWILLOCK",VIC,-35.616408,142.943814
3533,"BIMBOURIE",VIC,-35.384557,142.839304
3537,"BARRAPORT",VIC,-36.079335,143.744455
3540,"CANNIE",VIC,-35.89277,143.45008
3542,"COKUM",VIC,-35.700788,143.406398
3544,"CHINANGIN",VIC,-35.51717216,143.1754083
3546,"BOLTON",VIC,-35.060163,142.850456
3549,"ANNUELLO",VIC,-34.766049,142.820973
3550,"BENDIGO",VIC,-36.764269,144.2786
3551,"ARNOLD",VIC,-36.78137,144.457937
3552,"BENDIGO",VIC,-36.764269,144.2786
3554,"BENDIGO DC",VIC,-36.757,144.279
3555,"BIG HILL",VIC,-36.777226,144.245239
3556,"CALIFORNIA GULLY",VIC,-36.656422,144.178282
3557,"BARNADOWN",VIC,-36.63511,144.576787
3558,"BURNEWANG",VIC,-36.51553,144.638363
3559,"AVONMORE",VIC,-36.570077,144.805307
3561,"BALLENDELLA",VIC,-36.321109,144.709543
3562,"TORRUMBARRY",VIC,-36.062544,144.46276
3563,"LOCKINGTON",VIC,-36.256251,144.515589
3564,"BAMAWM EXTENSION",VIC,-36.18096611,144.6014151
3565,"KOTTA",VIC,-36.182336,144.511713
3566,"GUNBOWER",VIC,-35.945748,144.383334
3567,"HORFIELD",VIC,-35.931669,144.262942
3568,"BURKES BRIDGE",VIC,-35.809462,144.184089
3570,"AUCHMORE",VIC,-36.515303,144.28053
3571,"DINGEE",VIC,-36.36819,144.206865
3572,"MILLOO",VIC,-36.266642,144.257135
3573,"CALIVIL",VIC,-36.164865,144.297958
3575,"BALD ROCK",VIC,-36.055725,144.159028
3576,"DURHAM OX",VIC,-36.128029,143.917515
3579,"APPIN",VIC,-35.767974,143.769445
3580,"KOONDROOK",VIC,-35.639761,144.094672
3581,"BEAUCHAMP",VIC,-35.628333,143.78521
3583,"TRESCO",VIC,-35.509635,143.66458
3584,"LAKE BOGA",VIC,-35.431026,143.637617
3585,"CASTLE DONNINGTON",VIC,-35.348388,143.336906
3586,"BULGA",VIC,-35.114021,143.792594
3588,"WOORINEN SOUTH",VIC,-35.29429,143.470325
3589,"WOORINEN",VIC,-35.228436,143.441248
3590,"BEVERFORD",VIC,-35.235708,143.493525
3591,"VINIFERA",VIC,-35.202209,143.394092
3594,"NYAH",VIC,-35.138155,143.346028
3595,"NYAH WEST",VIC,-35.202752,143.351682
3596,"MIRALIE",VIC,-35.123806,143.327682
3597,"KENLEY",VIC,-34.965359,143.189786
3599,"BOUNDARY BEND",VIC,-34.729742,143.143231
3607,"TABILK",VIC,-36.839707,145.179762
3608,"BAILIESTON",VIC,-36.740713,145.095753
3610,"DHURRINGILE",VIC,-36.577628,145.229349
3612,"MOORA",VIC,-36.575936,145.019312
3614,"TOOLAMBA",VIC,-36.479193,145.30098
3616,"COOMA",VIC,-36.464118,145.145217
3617,"BYRNESIDE",VIC,-36.423823,145.178369
3618,"MERRIGUM",VIC,-36.37708,145.125014
3619,"KYABRAM",VIC,-37.659566,144.936295
3620,"KYABRAM",VIC,-36.284584,145.082735
3621,"KOYUGA SOUTH",VIC,-36.206055,144.961183
3622,"CORNELIA CREEK",VIC,-36.231961,144.87573
3623,"CARAG CARAG",VIC,-36.461381,144.976813
3624,"GIRGARRE",VIC,-36.410186,144.965763
3629,"ARDMONA",VIC,-36.287306,145.260653
3630,"BENARCH",VIC,-36.380853,145.403176
3631,"ARCADIA",VIC,-36.428694,145.526693
3632,"SHEPPARTON",VIC,-36.544462,145.603242
3633,"CONGUPNA",VIC,-36.307936,145.46296
3634,"BUNBARTHA",VIC,-36.224186,145.440315
3635,"KAARIMBA",VIC,-36.142596,145.30827
3636,"DRUMANURE",VIC,-36.093878,145.479471
3637,"WAAIA",VIC,-36.050686,145.329026
3638,"KOTUPNA",VIC,-36.03202,145.246572
3639,"BARMAH",VIC,-36.021295,145.047253
3640,"KATUNGA",VIC,-36.00978,145.486015
3641,"BEARII",VIC,-35.89718,145.428306
3643,"COBRAM",VIC,-35.955363,145.631874
3644,"BAROOGA",NSW,-35.945353,145.632682
3646,"DOOKIE",VIC,-36.247446,145.704042
3647,"DOOKIE COLLEGE",VIC,-36.385331,145.704473
3649,"KATAMATITE",VIC,-36.082665,145.688671
3658,"BROADFORD",VIC,-37.241401,145.111854
3659,"SUGARLOAF CREEK",VIC,-37.110344,145.07088
3660,"CAVEAT",VIC,-37.035925,145.257867
3661,"SEYMOUR",VIC,-38.195993,146.535346
3662,"PUCKAPUNYAL",VIC,-36.9356483,144.9486555
3663,"MANGALORE",VIC,-36.910878,145.158863
3664,"AVENEL",VIC,-36.927251,145.298203
3665,"LOCKSLEY",VIC,-36.844091,145.357627
3666,"BALMATTUM",VIC,-36.786777,145.565512
3669,"BOHO",VIC,-36.625333,145.708668
3670,"BADDAGINNIE",VIC,-36.623748,145.852449
3671,"BENALLA",VIC,-36.385144,145.420691
3672,"BENALLA",VIC,-36.554936,145.977761
3673,"BENALLA",VIC,-36.669929,146.062514
3675,"BOWEYA",VIC,-36.565078,146.266835
3676,"WANGARATTA",VIC,-36.341245,146.338612
3677,"APPIN PARK",VIC,-36.358017,146.330564
3678,"BOBINAWARRAH",VIC,-36.68892,146.482439
3682,"BORALMA",VIC,-36.174271,146.428656
3683,"CHILTERN",VIC,-36.180787,146.604622
3685,"BOORHAMAN NORTH",VIC,-36.056449,146.470638
3687,"CARLYLE",VIC,-36.018771,146.415927
3688,"BARNAWARTHA",VIC,-36.119195,146.717193
3689,"WODONGA",VIC,-37.67576,144.989793
3690,"WEST WODONGA",VIC,-36.135717,146.864361
3691,"ALLANS FLAT",VIC,-36.027154,147.880991
3694,"BANDIANA",VIC,-36.150678,146.919493
3695,"CHARLEROI",VIC,-36.304285,147.123674
3697,"TAWONGA",VIC,-36.68753,147.17925
3698,"TAWONGA SOUTH",VIC,-36.722034,147.149468
3699,"BOGONG",VIC,-36.844307,147.299257
3700,"BULLIOH",VIC,-36.335898,147.35527
3701,"DARTMOUTH",VIC,-36.638769,147.476819
3704,"KOETONG",VIC,-36.132613,147.49344
3705,"CUDGEWA",VIC,-36.322884,147.769911
3707,"BIGGARA",VIC,-36.586316,148.037958
3708,"TINTALDRA",VIC,-36.070928,147.942058
3709,"BURROWYE",VIC,-36.035908,147.667373
3711,"BUXTON",VIC,-37.41047,145.682161
3712,"RUBICON",VIC,-37.3209,145.839057
3713,"EILDON",VIC,-37.241527,145.90623
3714,"ACHERON",VIC,-37.210538,145.687889
3715,"ANCONA",VIC,-36.985747,145.739419
3717,"FLOWERDALE",VIC,-37.286611,145.435776
3718,"MOLESWORTH",VIC,-37.144067,145.54096
3719,"GOBUR",VIC,-37.041215,145.608491
3720,"BONNIE DOON",VIC,-37.017241,145.850304
3722,"BARWITE",VIC,-37.202634,146.253268
3723,"ARCHERTON",VIC,-36.894465,146.256507
3724,"MANSFIELD",VIC,-37.053108,146.076832
3725,"BOXWOOD",VIC,-36.414359,145.937326
3726,"BUNGEET",VIC,-36.332254,145.960209
3727,"ALMONDS",VIC,-36.242443,145.957776
3728,"BOOMAHNOOMOONAH",VIC,-36.148922,145.959015
3730,"BATHUMI",VIC,-36.051782,145.974755
3732,"MOYHU",VIC,-36.686814,146.313751
3733,"WHITFIELD",VIC,-36.812087,146.316338
3735,"BOWMANS FOREST",VIC,-36.515712,146.603574
3736,"MYRTLEFORD",VIC,-36.455136,146.479489
3737,"ABBEYARD",VIC,-36.554037,146.82759
3738,"OVENS",VIC,-36.587922,146.75397
3739,"EUROBIN",VIC,-36.641016,146.864194
3740,"BUCKLAND",VIC,-36.731686,146.834561
3741,"BRIGHT",VIC,-36.962316,147.063163
3744,"WANDILIGONG",VIC,-36.788479,146.95979
3746,"ELDORADO",VIC,-36.31396,146.51767
3747,"BAARMUTHA",VIC,-36.361056,146.725705
3749,"BRUARONG",VIC,-36.42031113,146.8638108
3750,"WOLLERT",VIC,-37.596078,145.005578
3751,"WOODSTOCK",VIC,-37.554655,145.052904
3752,"MORANG SOUTH",VIC,-37.619102,145.074353
3753,"BEVERIDGE",VIC,-37.476474,144.959512
3754,"DOREEN",VIC,-37.593554,145.112985
3755,"YAN YEAN",VIC,-37.563905,145.142035
3756,"CHINTIN",VIC,-37.41233,144.956641
3757,"BRUCES CREEK",VIC,-37.469784,145.182221
3758,"HEATHCOTE JUNCTION",VIC,-37.354647,145.052552
3759,"PANTON HILL",VIC,-37.650385,145.247277
3760,"SMITHS GULLY",VIC,-37.6269998,145.288344
3761,"ST ANDREWS",VIC,-37.585625,145.292381
3762,"BYLANDS",VIC,-37.354143,144.936707
3763,"KINGLAKE",VIC,-37.521863,145.353378
3764,"FORBES",VIC,-37.263736,144.900644
3765,"MONTROSE",VIC,-37.814771,145.346621
3766,"KALORAMA",VIC,-37.817818,145.384955
3767,"MOUNT DANDENONG",VIC,-37.839387,145.347505
3770,"COLDSTREAM",VIC,-37.708784,145.416004
3775,"CHRISTMAS HILLS",VIC,-37.642852,145.365993
3777,"BADGER CREEK",VIC,-37.606088,145.513804
3778,"FERNSHAW",VIC,-37.537492,145.623011
3779,"CAMBARVILLE",VIC,-37.539267,145.784751
3781,"COCKATOO",VIC,-37.938471,145.487862
3782,"AVONSLEIGH",VIC,-37.938068,145.433024
3783,"GEMBROOK",VIC,-37.947379,145.596576
3785,"TREMONT",VIC,-37.885138,145.316734
3786,"FERNY CREEK",VIC,-37.878188,145.332431
3787,"SASSAFRAS",VIC,-37.866786,145.350888
3788,"OLINDA",VIC,-37.848036,145.377128
3789,"SHERBROOKE",VIC,-37.889767,145.357336
3791,"KALLISTA",VIC,-37.896917,145.379622
3792,"THE PATCH",VIC,-37.89424,145.405388
3793,"MONBULK",VIC,-37.874533,145.429715
3795,"SILVAN",VIC,-37.836663,145.430311
3796,"MOUNT EVELYN",VIC,-37.786977,145.384922
3797,"GILDEROY",VIC,-37.867809,145.786343
3799,"BIG PATS CREEK",VIC,-37.727566,145.818512
3800,"MONASH UNIVERSITY",VIC,-37.910545,145.134935
3802,"ENDEAVOUR HILLS",VIC,-37.971763,145.255599
3803,"HALLAM",VIC,-38.009435,145.265524
3804,"NARRE WARREN EAST",VIC,-37.980059,145.325994
3805,"FOUNTAIN GATE",VIC,-38.037026,145.304198
3806,"BERWICK",VIC,-38.025018,145.349488
3807,"BEACONSFIELD",VIC,-38.048316,145.371635
3808,"BEACONSFIELD UPPER",VIC,-38.002518,145.42327
3809,"OFFICER",VIC,-38.069094,145.406887
3810,"PAKENHAM",VIC,-38.04658,145.472514
3812,"MARYKNOLL",VIC,-38.070135,145.565304
3813,"TYNONG",VIC,-38.064252,145.634339
3814,"CORA LYNN",VIC,-38.10718,145.669112
3815,"BUNYIP",VIC,-38.01378,145.726311
3816,"LABERTOUCHE",VIC,-38.043542,145.787991
3818,"ATHLONE",VIC,-38.096289,145.867337
3820,"BONA VISTA",VIC,-38.207476,145.922212
3821,"BRANDY CREEK",VIC,-37.919937,145.945214
3822,"CLOVERLEA",VIC,-38.194379,145.989901
3823,"ALLAMBEE",VIC,-38.210382,146.065656
3824,"CHILDERS",VIC,-38.245649,146.16397
3825,"ABERFELDY",VIC,-37.978862,146.342932
3831,"NEERIM",VIC,-37.993258,146.013136
3832,"NAYOOK",VIC,-37.919937,145.945214
3833,"ADA",VIC,-37.84222154,145.851865
3835,"THORPDALE",VIC,-38.290637,146.175271
3840,"DRIFFIELD",VIC,-38.245215,146.424457
3841,"GIPPSLAND MC",VIC,-37.5832,147.463
3842,"CHURCHILL",VIC,-38.315452,146.414358
3844,"BLACKWARRY",VIC,-38.316869,146.607101
3847,"HIAMDALE",VIC,-38.166213,146.772991
3850,"GIFFARD",VIC,-38.224191,147.106181
3851,"AIRLY",VIC,-38.035548,147.084398
3852,"EAST SALE",VIC,-38.10361729,147.1414369
3853,"SALE",VIC,-38.095569,146.059953
3854,"GLENGARRY",VIC,-38.12413,146.596877
3856,"TOONGABBIE",VIC,-38.063907,146.672206
3857,"COWWARR",VIC,-38.018616,146.694894
3858,"ARBUCKLE",VIC,-37.3690401,146.8291658
3859,"MAFFRA WEST UPPER",VIC,-37.886136,146.848259
3860,"BOISDALE",VIC,-37.571707,146.805175
3862,"BUDGEE BUDGEE",VIC,-37.55304411,147.130018
3864,"FERNBANK",VIC,-37.860878,147.341513
3865,"LINDENOW",VIC,-37.796743,147.455946
3869,"JUMBUK",VIC,-38.364689,146.359836
3870,"BOOLARRA",VIC,-38.437946,146.319351
3871,"ALLAMBEE RESERVE",VIC,-38.42207,146.158866
3873,"GORMANDALE",VIC,-38.298267,146.708775
3874,"CARRAJUNG SOUTH",VIC,-38.514438,146.836248
3875,"BAIRNSDALE",VIC,-37.826032,147.63201
3878,"EAGLE POINT",VIC,-37.898544,147.680121
3880,"BOOLE POOLE",VIC,-37.914728,147.727389
3882,"NICHOLSON",VIC,-37.812017,147.764385
3885,"BRUMBY",VIC,-37.01610136,148.0696953
3886,"NEWMERELLA",VIC,-37.770977,148.426851
3887,"LAKE TYERS",VIC,-37.757895,148.116641
3888,"BENDOC",VIC,-37.39051,148.660943
3889,"BELL BIRD CREEK",VIC,-37.610841,148.873952
3890,"BULDAH",VIC,-37.566489,149.217216
3891,"GENOA",VIC,-37.567684,149.538907
3892,"MALLACOOTA",VIC,-37.563775,149.909868
3893,"DOUBLE BRIDGES",VIC,-37.495349,147.866067
3895,"DOCTORS FLAT",VIC,-37.379331,147.887515
3896,"BINDI",VIC,-37.264671,147.707962
3898,"ANGLERS REST",VIC,-37.066169,147.464799
3900,"BENAMBRA",VIC,-36.88053,147.826143
3902,"BUMBERRAH",VIC,-37.797042,147.814894
3903,"SWAN REACH",VIC,-37.811303,147.867533
3904,"METUNG",VIC,-37.881041,147.839367
3909,"KALIMNA",VIC,-37.821921,147.970237
3910,"LANGWARRIN",VIC,-38.156369,145.198328
3911,"BAXTER",VIC,-38.196908,145.169556
3912,"PEARCEDALE",VIC,-38.217991,145.227373
3913,"TYABB",VIC,-38.262273,145.166426
3915,"HASTINGS",VIC,-38.305806,145.136622
3916,"MERRICKS",VIC,-38.415199,145.050587
3918,"BITTERN",VIC,-38.339871,145.155546
3919,"CRIB POINT",VIC,-38.352327,145.199777
3920,"FLINDERS NAVAL DEPOT",VIC,-38.38752,145.19304
3921,"ELIZABETH ISLAND",VIC,-38.41571044,145.3687444
3922,"COWES",VIC,-38.482182,145.231974
3923,"RHYLL",VIC,-38.465552,145.293632
3925,"CAPE WOOLAMAI",VIC,-38.528213,145.379683
3926,"BALNARRING",VIC,-38.355231,145.094502
3927,"SOMERS",VIC,-38.383368,145.153269
3928,"MAIN RIDGE",VIC,-38.407828,144.975131
3929,"FLINDERS",VIC,-38.460965,144.976673
3930,"KUNYUNG",VIC,-38.195017,145.093743
3931,"MORNINGTON",VIC,-38.230038,145.049503
3933,"MOOROODUC",VIC,-38.261168,145.096992
3934,"MOUNT MARTHA",VIC,-38.2783,145.031598
3936,"ARTHURS SEAT",VIC,-38.326447,145.007626
3937,"RED HILL",VIC,-38.373694,145.01994
3938,"MCCRAE",VIC,-38.354321,144.931834
3939,"BONEO",VIC,-38.42776,144.900413
3940,"CAPEL SOUND",VIC,-38.37363083,144.8754149
3941,"RYE",VIC,-38.396077,144.827203
3942,"BLAIRGOWRIE",VIC,-38.367874,144.768301
3943,"SORRENTO",VIC,-38.345527,144.739101
3944,"PORTSEA",VIC,-38.321871,144.692708
3945,"BELLVIEW",VIC,-38.381582,145.697053
3946,"BENA",VIC,-38.448155,145.723537
3950,"KARDELLA SOUTH",VIC,-38.435217,145.812945
3951,"ARAWATA",VIC,-38.47372,145.798419
3953,"BERRYS CREEK",VIC,-38.460127,145.995174
3954,"KOONWARRA",VIC,-38.550379,145.937973
3956,"DUMBALK",VIC,-38.597018,145.955341
3957,"GRASSY SPUR",VIC,-38.589302,146.126718
3958,"BUFFALO",VIC,-38.673841,145.987059
3959,"FISH CREEK",VIC,-38.734636,146.066529
3960,"BENNISON",VIC,-39.140761,146.360412
3962,"AGNES",VIC,-38.60357,146.359804
3964,"PORT FRANKLIN",VIC,-38.685115,146.278804
3965,"PORT WELSHPOOL",VIC,-38.693437,146.472132
3966,"BINGINWARRI",VIC,-38.630568,146.436583
3967,"HEDLEY",VIC,-38.647562,146.507929
3971,"ALBERTON",VIC,-38.631942,146.815723
3975,"LYNBROOK",VIC,-38.05354,145.231114
3976,"HAMPTON PARK",VIC,-38.043995,145.264296
3977,"BOTANIC RIDGE",VIC,-38.1466398,145.2695101
3978,"CARDINIA",VIC,-38.135009,145.384606
3979,"ALMURTA",VIC,-38.44818,145.591284
3980,"BLIND BIGHT",VIC,-38.204448,145.356937
3981,"BAYLES",VIC,-38.207298,145.575
3984,"ADAMS ESTATE",VIC,-38.312647,145.563979
3987,"NYORA",VIC,-38.309048,145.689142
3988,"MOUNTAIN VIEW",VIC,-38.313447,145.811863
3989,"ST HELIER",VIC,-31.8251,144.963937
3990,"GLEN FORBES",VIC,-38.455399,145.501279
3991,"BASS",VIC,-38.483041,145.466781
3992,"BLACKWOOD FOREST",VIC,-38.569135,145.534315
3995,"ANDERSON",VIC,-38.578071,145.630713
3996,"INVERLOCH",VIC,-38.629561,145.745609
4000,"BRISBANE",QLD,-27.468391,153.022126
4001,"BRISBANE",QLD,-27.603479,152.823141
4002,"BRISBANE ALBERT STREET BC",QLD,-27.4693,153.027
4003,"GEORGE STREET",QLD,-24.872431,152.348462
4004,"SPRING HILL",QLD,-24.045265,149.316593
4005,"NEW FARM",QLD,-27.470078,153.045194
4006,"BOWEN BRIDGE",QLD,-27.36618,153.175242
4007,"ASCOT",QLD,-27.436088,153.061914
4008,"BRISBANE AIRPORT",QLD,-27.38837225,153.1132012
4009,"EAGLE FARM",QLD,-27.405747,153.105247
4010,"ALBION",QLD,-27.433237,153.04354
4011,"CLAYFIELD",QLD,-27.419484,153.059749
4012,"NUNDAH",QLD,-27.399335,153.05355
4013,"NORTHGATE",QLD,-27.397055,153.074982
4014,"BANYO",QLD,-27.373947,153.084784
4017,"BRACKEN RIDGE",QLD,-27.318074,153.047339
4018,"FITZGIBBON",QLD,-27.349074,153.031804
4019,"CLONTARF",QLD,-27.248337,153.088498
4020,"NEWPORT",QLD,-27.21066448,153.0900858
4021,"KIPPA-RING",QLD,-27.220098,153.07529
4022,"ROTHWELL",QLD,-27.211886,153.046414
4025,"BULWER",QLD,-27.162277,153.393497
4029,"ROYAL BRISBANE HOSPITAL",QLD,-27.449336,153.026443
4030,"EILDON HILL",QLD,-27.42687,153.029681
4031,"GLEN KEDRON",QLD,-27.408542,153.030695
4032,"CHERMSIDE",QLD,-27.385605,153.019449
4034,"ASPLEY",QLD,-27.354711,153.040051
4035,"ALBANY CREEK",QLD,-27.356025,152.979085
4036,"BALD HILLS",QLD,-27.314022,153.008731
4037,"EATONS HILL",QLD,-27.341128,152.936519
4051,"ALDERLEY",QLD,-27.427508,153.000297
4053,"BROOKSIDE CENTRE",QLD,-27.399573,152.98725
4054,"ARANA HILLS",QLD,-27.409817,152.956014
4055,"BUNYA",QLD,-27.393676,152.92424
4059,"BALLYMORE",QLD,-27.452067,153.008893
4060,"ASHGROVE",QLD,-27.445107,152.985176
4061,"THE GAP",QLD,-27.45085,152.944258
4064,"BAROONA",QLD,-27.464676,152.999039
4065,"BARDON",QLD,-27.462504,152.975992
4066,"AUCHENFLOWER",QLD,-27.479866,152.964146
4067,"IRONSIDE",QLD,-27.500518,153.005045
4068,"CHELMER",QLD,-27.506907,152.976926
4069,"BROOKFIELD",QLD,-27.502784,152.898911
4070,"ANSTEAD",QLD,-27.559944,152.871141
4072,"UNIVERSITY OF QUEENSLAND",QLD,-27.548962,152.330088
4073,"SEVENTEEN MILE ROCKS",QLD,-27.549179,152.951385
4074,"JAMBOREE HEIGHTS",QLD,-27.554082,152.921521
4075,"CORINDA",QLD,-27.552135,152.975619
4076,"DARRA",QLD,-27.584561,152.921067
4077,"DOOLANDELLA",QLD,-27.605551,152.967822
4078,"ELLEN GROVE",QLD,-27.612653,152.950579
4101,"HIGHGATE HILL",QLD,-27.484254,153.009661
4102,"BURANDA",QLD,-27.495458,153.0328
4103,"ANNERLEY",QLD,-27.512175,153.028768
4104,"YERONGA",QLD,-27.515758,153.011535
4105,"CLIFTON HILL",QLD,-27.534438,153.018893
4106,"BRISBANE MARKET",QLD,-27.552137,153.004615
4107,"SALISBURY",QLD,-27.552052,153.030643
4108,"ARCHERFIELD",QLD,-27.568359,153.020197
4109,"ALTANDI",QLD,-27.57925,153.057452
4110,"ACACIA RIDGE",QLD,-27.612178,153.009526
4111,"GRIFFITH UNIVERSITY",QLD,-27.550643,153.052226
4112,"KURABY",QLD,-27.611129,153.087839
4113,"EIGHT MILE PLAINS",QLD,-27.590722,153.077926
4114,"KINGSTON",QLD,-27.652812,153.110764
4115,"ALGESTER",QLD,-27.643845,153.022499
4116,"CALAMVALE",QLD,-27.633988,153.050793
4117,"BERRINBA",QLD,-27.644688,153.08304
4118,"BROWNS PLAINS",QLD,-27.673806,153.027323
4119,"UNDERWOOD",QLD,-27.611502,153.109769
4120,"GREENSLOPES",QLD,-27.508707,153.044217
4121,"EKIBIN",QLD,-27.526966,153.053952
4122,"MANSFIELD",QLD,-27.543316,153.088155
4123,"PRIESTS GULLY",QLD,-27.583528,153.116151
4124,"BORONIA HEIGHTS",QLD,-27.701681,152.967761
4125,"MUNRUBEN",QLD,-27.730432,153.04108
4127,"CHATSWOOD HILLS",QLD,-27.629474,153.142035
4128,"KIMBERLEY PARK",QLD,-27.652403,153.174214
4129,"LOGANDALE",QLD,-27.681519,153.186817
4130,"CARBROOK",QLD,-27.669244,153.24333
4131,"LOGANLEA",QLD,-27.669913,153.136072
4132,"CRESTMEAD",QLD,-27.681063,153.084397
4133,"CHAMBERS FLAT",QLD,-27.723837,153.102664
4151,"COORPAROO",QLD,-27.500807,153.058605
4152,"CAMP HILL",QLD,-27.501349,153.096812
4153,"BELMONT",QLD,-27.510035,153.131429
4154,"GUMDALE",QLD,-27.49069,153.158727
4155,"CHANDLER",QLD,-27.5181,153.156446
4156,"BURBANK",QLD,-27.558858,153.154177
4157,"CAPALABA",QLD,-27.568178,153.207096
4158,"THORNESIDE",QLD,-27.487689,153.1998
4159,"BIRKDALE",QLD,-27.502289,153.209624
4160,"EROBIN",QLD,-27.506409,153.243312
4161,"ALEXANDRA HILLS",QLD,-27.533407,153.226864
4163,"CLEVELAND",QLD,-27.535216,153.26571
4164,"PINKLANDS",QLD,-27.569965,153.260833
4165,"MOUNT COTTON",QLD,-27.623975,153.263801
4169,"EAST BRISBANE",QLD,-27.484177,153.040982
4170,"CANNON HILL",QLD,-27.470778,153.074231
4171,"BALMORAL",QLD,-27.456031,153.06036
4172,"MURARRIE",QLD,-27.458767,153.103331
4173,"TINGALPA",QLD,-27.475814,153.120634
4174,"DOBOY",QLD,-27.450089,153.129424
4178,"LINDUM",QLD,-27.425651,153.232567
4179,"LOTA",QLD,-27.390823,153.234041
4183,"AMITY",QLD,-27.545157,153.451696
4184,"COOCHIEMUDLO ISLAND",QLD,-27.676499,153.384655
4205,"BETHANIA",QLD,-27.687389,153.156289
4207,"ALBERTON",QLD,-27.733991,153.204523
4208,"BURNSIDE",QLD,-27.767029,153.27631
4209,"CANOWINDRA",QLD,-27.805498,153.392892
4210,"GUANABA",QLD,-27.932207,153.279483
4211,"ADVANCETOWN",QLD,-28.035453,153.241258
4212,"BOYKAMBIL",QLD,-27.869823,153.360694
4213,"AUSTINVILLE",QLD,-28.110164,153.318916
4214,"ARUNDEL",QLD,-27.967005,153.365576
4215,"AUSTRALIA FAIR",QLD,-27.967134,153.397952
4216,"ANGLERS PARADISE",QLD,-27.839347,153.419405
4217,"BENOWA",QLD,-28.008783,153.412197
4218,"BROADBEACH",QLD,-28.037627,153.41692
4219,"WEST BURLEIGH",QLD,-28.111748,153.434197
4220,"BURLEIGH BC",QLD,-28.084952,153.434406
4221,"ELANORA",QLD,-28.127323,153.45837
4222,"GRIFFITH UNIVERSITY",QLD,-27.550643,153.052226
4223,"CURRUMBIN",QLD,-28.19076,153.415088
4224,"TUGUN",QLD,-28.150224,153.489332
4225,"BILINGA",QLD,-28.168787,153.517333
4226,"CLEAR ISLAND WATERS",QLD,-28.06794,153.40282
4227,"REEDY CREEK",QLD,-28.101892,153.410392
4228,"INGLESIDE",QLD,-28.182084,153.37739
4229,"BOND UNIVERSITY",QLD,-28.077892,153.413136
4230,"ROBINA TOWN CENTRE",QLD,-28.077467,153.38531
4270,"TAMBORINE",QLD,-27.862349,153.135566
4271,"EAGLE HEIGHTS",QLD,-27.91838,153.201472
4272,"MOUNT TAMBORINE",QLD,-27.960815,153.183429
4275,"BENOBBLE",QLD,-28.111411,153.134987
4280,"FLAGSTONE",QLD,-27.8104018,152.9484212
4285,"ALLENVIEW",QLD,-28.056979,152.975131
4287,"BARNEY VIEW",QLD,-28.259143,152.822971
4300,"AUGUSTINE HEIGHTS",QLD,-27.682273,152.884999
4301,"COLLINGWOOD PARK",QLD,-27.629394,152.858086
4303,"DINMORE",QLD,-27.604588,152.840187
4304,"BLACKSTONE",QLD,-27.620656,152.80457
4305,"BASIN POCKET",QLD,-27.627522,152.753696
4306,"AMBERLEY",QLD,-27.480898,152.725408
4307,"COLEYVILLE",QLD,-27.851804,152.592399
4309,"ARATULA",QLD,-27.98728,152.523366
4310,"ALLANDALE",QLD,-28.121399,152.600598
4311,"ATKINSONS DAM",QLD,-27.418572,152.438771
4312,"BRYDEN",QLD,-27.256065,152.482636
4313,"BIARRA",QLD,-27.089517,152.321536
4314,"AVOCA VALE",QLD,-26.73342733,152.2258022
4340,"ASHWELL",QLD,-27.803453,152.472702
4341,"BLENHEIM",QLD,-27.68768,152.396656
4342,"CROWLEY VALE",QLD,-27.543847,152.377687
4343,"ADARE",QLD,-27.656074,152.224616
4344,"CARPENDALE",QLD,-27.572999,152.060385
4345,"GATTON COLLEGE",QLD,-27.549094,152.336382
4346,"MARBURG",QLD,-27.56237,152.588235
4347,"GRANTHAM",QLD,-27.655062,152.142704
4350,"ATHOL",QLD,-27.576308,151.852689
4352,"AMIENS",QLD,-27.627661,151.94182
4353,"BERGEN",QLD,-27.256984,151.904578
4354,"DOUGLAS",QLD,-27.343884,151.887919
4355,"ANDURAMBA",QLD,-27.18463,152.008635
4356,"BONGEEN",QLD,-27.663074,151.550271
4357,"BRINGALILY",QLD,-27.957654,151.103872
4358,"CAMBOOYA",QLD,-27.7283,151.859857
4359,"ASCOT",QLD,-27.794456,152.03681
4360,"NOBBY",QLD,-27.853801,151.907036
4361,"BACK PLAINS",QLD,-27.965214,151.948279
4362,"ALLORA",QLD,-28.050522,151.841358
4363,"SOUTHBROOK",QLD,-27.676647,151.739695
4364,"BROOKSTEAD",QLD,-27.710492,151.396183
4365,"LEYBURN",QLD,-28.017149,151.597527
4370,"ALLAN",QLD,-28.195678,151.9514612
4371,"EMU VALE",QLD,-28.199024,152.234242
4372,"TANNYMOREL",QLD,-28.303067,152.233089
4373,"KILLARNEY",QLD,-28.349373,152.305204
4374,"DALVEEN",QLD,-28.463902,151.744738
4375,"COTTONVALE",QLD,-28.516957,151.875003
4376,"THULIMBAH",QLD,-28.541494,151.933783
4377,"GLEN NIVEN",QLD,-28.58716707,151.9729641
4378,"APPLETHORPE",QLD,-28.613948,151.955491
4380,"AMIENS",QLD,-28.60158006,151.8126377
4381,"FLETCHER",QLD,-28.77023423,151.8704639
4382,"BALLANDEAN",QLD,-28.845315,151.847374
4383,"JENNINGS",NSW,-28.94051178,151.9694117
4384,"LIMEVALE",QLD,-28.728006,151.183208
4385,"BEEBO",QLD,-28.777563,151.24801
4387,"BRUSH CREEK",QLD,-28.341631,150.967836
4388,"KURUMBUL",QLD,-28.508802,150.646259
4390,"BILLA BILLA",QLD,-28.228906,150.321016
4400,"KINGSTHORPE",QLD,-27.4855,151.856298
4401,"ACLAND",QLD,-27.473135,151.703647
4402,"COOYAR",QLD,-26.978981,151.803967
4403,"BRYMAROO",QLD,-27.320633,151.596963
4404,"BOWENVILLE",QLD,-27.33128,151.480666
4405,"BEELBEE",QLD,-27.192428,151.396625
4406,"BOONDANDILLA",QLD,-27.064207,151.433657
4407,"CATTLE CREEK",QLD,-27.563685,150.961981
4408,"BELL",QLD,-26.851248,151.426657
4410,"BURRA BURRI",QLD,-26.781197,151.109816
4411,"TUCKERANG",QLD,-26.79458248,150.9766972
4412,"BRIGALOW",QLD,-26.827837,150.807058
4413,"AUBURN",QLD,-26.706834,150.545144
4415,"BOORTKOI",QLD,-26.627339,150.205114
4416,"BARRAMORNIE",QLD,-26.995752,149.798038
4417,"NOORINDOO",QLD,-27.348199,149.070172
4418,"GULUGUBA",QLD,-26.290166,150.143323
4419,"BUNDI",QLD,-26.14972587,149.5515967
4420,"BAROONDAH",QLD,-25.494713,149.525293
4421,"GORANBA",QLD,-27.324371,150.444304
4422,"COOMRITH",QLD,-27.57379527,149.5902729
4423,"COOMRITH",QLD,-27.383801,149.525379
4424,"DRILLHAM",QLD,-26.598388,149.960268
4425,"BOGANDILLA",QLD,-26.649074,149.773144
4426,"JACKSON",QLD,-26.539914,149.590426
4427,"CLIFFORD",QLD,-26.75002,149.381938
4428,"PICKANJINNIE",QLD,-26.40373,149.206489
4454,"ARCADIA VALLEY",QLD,-25.724492,148.672028
4455,"ANGELLALA",QLD,-26.73282,148.690231
4461,"MUCKADILLA",QLD,-26.663912,148.293883
4462,"AMBY",QLD,-26.509225,148.190376
4465,"BARGUNYAH",QLD,-27.2188,147.4539
4467,"MUNGALLALA",QLD,-26.23368,147.490282
4468,"BOATMAN",QLD,-26.087266,146.833194
4470,"BAKERS BEND",QLD,-26.73025809,146.0999607
4471,"CLAVERTON",QLD,-27.631116,145.892163
4472,"BLACKALL",QLD,-24.784155,145.141177
4474,"ADAVALE",QLD,-25.666985,144.495283
4475,"CHEEPIE",QLD,-26.844909,144.975368
4477,"AUGATHELLA",QLD,-25.444837,147.059769
4478,"BAYRICK",QLD,-24.889395,146.399409
4479,"COOLADDI",QLD,-26.724017,145.397502
4480,"EROMANGA",QLD,-26.248504,143.274156
4481,"FARRARS CREEK",QLD,-25.377582,141.581266
4482,"BIRDSVILLE",QLD,-25.60309,139.323274
4486,"DIRRANBANDI",QLD,-28.61221,147.830117
4487,"BEGONIA",QLD,-27.931188,148.408512
4488,"BARGUNYAH",QLD,-28.031524,147.47786
4489,"WYANDRA",QLD,-27.258572,145.655744
4490,"BARRINGUN",QLD,-28.418047,145.596265
4491,"EULO",QLD,-27.91583,145.083656
4492,"BULLAWARRA",QLD,-27.99380024,143.3368723
4493,"HUNGERFORD",QLD,-28.941714,144.560358
4494,"BUNGUNYA",QLD,-28.143515,149.606552
4496,"NORTH TALWOOD",QLD,-28.364992,149.267966
4497,"DAYMAR",QLD,-28.645485,148.753584
4498,"KIOMA",QLD,-28.415979,149.824698
4500,"BRAY PARK",QLD,-27.307845,152.939438
4501,"LAWNTON",QLD,-27.277628,152.946201
4502,"FRENCHS FOREST",QLD,-27.264974,152.966813
4503,"DAKABIN",QLD,-27.240638,152.993187
4504,"NARANGBA",QLD,-27.186624,152.932083
4505,"BURPENGARY",QLD,-27.153669,152.976886
4506,"MOORINA",QLD,-27.128401,152.936289
4507,"BANKSIA BEACH",QLD,-26.987776,153.12414
4508,"DECEPTION BAY",QLD,-27.181203,153.013716
4509,"MANGO HILL",QLD,-27.232691,153.017319
4510,"BALINGOOL",QLD,-27.070177,152.960273
4511,"GODWIN BEACH",QLD,-27.077933,153.080799
4512,"BRACALBA",QLD,-27.022484,152.858311
4513,"CORYMBIA",QLD,-27.0946,152.8666
4514,"BELLTHORPE",QLD,-26.91784,152.760081
4515,"GLENFERN",QLD,-26.97065604,152.6006869
4516,"ELIMBAH",QLD,-27.005542,152.957238
4517,"BEERBURRUM",QLD,-26.951082,152.987647
4518,"GLASS HOUSE MOUNTAINS",QLD,-26.902425,152.986033
4519,"BEERWAH",QLD,-26.849388,152.91803
4520,"ARMSTRONG CREEK",QLD,-27.22803309,152.7947739
4521,"CAMPBELLS POCKET",QLD,-27.169774,152.786172
4550,"LANDSBOROUGH",QLD,-26.812085,152.971346
4551,"AROONA",QLD,-26.828067,153.088435
4552,"BALD KNOB",QLD,-26.734305,152.766898
4553,"DIAMOND VALLEY",QLD,-26.771797,153.017962
4554,"EUDLO",QLD,-26.731692,152.965037
4555,"CHEVALLUM",QLD,-26.691701,152.95452
4556,"BUDERIM",QLD,-26.700379,153.049784
4557,"MOOLOOLABA",QLD,-26.686321,153.113416
4558,"COTTON TREE",QLD,-26.655067,153.075373
4559,"DIDDILLIBAH",QLD,-26.66324,152.965013
4560,"BLI BLI",QLD,-26.635087,152.917384
4561,"BRIDGES",QLD,-26.531487,152.964814
4562,"BELLI PARK",QLD,-26.505863,152.803089
4563,"BLACK MOUNTAIN",QLD,-26.425754,152.909206
4564,"MARCOOLA",QLD,-26.612359,153.079239
4565,"BOREEN",QLD,-26.156837,153.042307
4566,"MUNNA POINT",QLD,-26.411731,153.047416
4567,"CASTAWAYS BEACH",QLD,-26.408596,153.096957
4568,"FEDERAL",QLD,-26.313995,152.876607
4569,"COORAN",QLD,-26.334574,152.822844
4570,"AMAMOOR",QLD,-26.153831,152.616943
4571,"COMO",QLD,-26.219743,152.931885
4572,"ALEXANDRA HEADLAND",QLD,-26.671589,153.101997
4573,"COOLUM BEACH",QLD,-26.516942,153.068303
4574,"COOLABINE",QLD,-26.630369,152.761131
4575,"BIRTINYA",QLD,-26.742043,153.119478
4580,"COOLOOLA",QLD,-25.891004,152.928987
4581,"EURONG",QLD,-25.990771,153.097862
4600,"BLACK SNAKE",QLD,-26.055099,152.221081
4601,"BARAMBAH",QLD,-26.145002,152.012412
4605,"BARLIL",QLD,-26.112408,151.870256
4606,"CHELMSFORD",QLD,-26.26117,151.823079
4608,"CHARLESTOWN",QLD,-26.35256,151.741338
4610,"ALICE CREEK",QLD,-26.576904,151.522575
4611,"MARSHLANDS",QLD,-26.176717,151.776012
4612,"HIVESVILLE",QLD,-26.004636,151.589811
4613,"ABBEYWOOD",QLD,-26.279772,151.338904
4614,"NEUMGNA",QLD,-26.848329,151.964673
4615,"BARKER CREEK FLAT",QLD,-26.659559,152.010432
4620,"ARAMARA",QLD,-25.557047,152.280868
4621,"BIGGENDEN",QLD,-25.535828,152.042802
4625,"ARANBANGA",QLD,-25.571054,151.644182
4626,"BEERON",QLD,-25.765416,151.105529
4627,"ABERCORN",QLD,-25.350178,150.778657
4630,"BANCROFT",QLD,-24.860668,150.975499
4650,"ALDERSHOT",QLD,-25.640978,152.791302
4655,"BOORAL",QLD,-25.337998,152.78368
4659,"BEELBI CREEK",QLD,-25.266279,152.568678
4660,"ABINGTON",QLD,-25.189298,152.300968
4662,"TORBANLEA",QLD,-25.347212,152.59878
4670,"ABBOTSFORD",QLD,-24.88776,152.297855
4671,"BOOLBOONDA",QLD,-25.07645,151.78942
4673,"LITTABELLA",QLD,-24.729644,152.088816
4674,"BAFFLE CREEK",QLD,-24.688503,151.872531
4676,"GINDORAN",QLD,-24.632323,151.621961
4677,"AGNES WATER",QLD,-24.318471,151.727736
4678,"BOROREN",QLD,-24.146903,151.634285
4680,"BARMUNDU",QLD,-23.446826,151.917285
4694,"ALDOGA",QLD,-23.832434,151.121567
4695,"AMBROSE",QLD,-23.807115,150.965859
4697,"RAGLAN",QLD,-23.711361,150.81952
4699,"BAJOOL",QLD,-23.657893,150.643168
4700,"ALLENSTOWN",QLD,-23.180174,150.958111
4701,"BERSERKER",QLD,-23.354937,150.557538
4702,"ALBERTA",QLD,-23.279639,150.885772
4703,"ADELAIDE PARK",QLD,-23.074563,150.894331
4704,"WATTLEBANK",QLD,-23.135744,150.381164
4705,"CLARKE CREEK",QLD,-22.771751,149.719215
4706,"OGMORE",QLD,-22.580866,149.675382
4707,"COLLAROY",QLD,-22.515013,149.235514
4709,"TIERI",QLD,-23.059653,148.429161
4710,"EMU PARK",QLD,-23.257223,150.82635
4711,"GLENDALE",QLD,-23.252534,150.476229
4712,"DUARINGA",QLD,-23.69521,149.673726
4713,"WOORABINDA",QLD,-24.114138,149.430965
4714,"BAREE",QLD,-23.66268,150.394906
4715,"BILOELA",QLD,-24.393618,150.458694
4716,"LAWGI DAWES",QLD,-24.483472,150.806049
4717,"BLACKWATER",QLD,-23.632816,148.891333
4718,"BAUHINIA",QLD,-24.675045,149.615027
4719,"CAMBOON",QLD,-24.999569,150.213774
4720,"EMERALD",QLD,-23.68492,148.187851
4721,"ARGYLL",QLD,-22.449259,147.17431
4722,"ALBINIA",QLD,-24.506491,147.41651
4723,"BELCONG",QLD,-23.02992213,148.2009804
4724,"ALPHA",QLD,-23.642723,146.840497
4725,"BARCALDINE",QLD,-23.610575,145.363533
4726,"ARAMAC",QLD,-22.536444,145.486391
4727,"ILFRACOMBE",QLD,-23.515643,144.616977
4728,"DUNROBIN",QLD,-22.77109111,146.0994297
4730,"BRIXTON",QLD,-23.790711,143.402522
4731,"ISISFORD",QLD,-24.49928,144.26853
4732,"MUTTABURRA",QLD,-22.427636,144.622118
4733,"CORFIELD",QLD,-21.771226,143.503025
4735,"DIAMANTINA LAKES",QLD,-22.810583,141.861769
4736,"JUNDAH",QLD,-24.936614,143.103133
4737,"ARMSTRONG BEACH",QLD,-21.43004,149.178072
4738,"ILBILBIE",QLD,-21.622237,149.267446
4739,"CARMILA",QLD,-21.930567,149.395052
4740,"ALEXANDRA",QLD,-21.33763,149.059737
4741,"BALL BAY",QLD,-20.808597,149.271699
4742,"BURTON",QLD,-21.754127,148.569564
4743,"GLENDEN",QLD,-21.453727,147.906986
4744,"MORANBAH",QLD,-22.018392,148.045134
4745,"DYSART",QLD,-22.497884,148.259592
4746,"GERMAN CREEK",QLD,-22.851944,148.850932
4750,"BUCASIA",QLD,-21.042567,149.152281
4751,"GREENMOUNT",QLD,-21.221858,149.040703
4753,"DEVEREUX CREEK",QLD,-21.169015,148.952546
4754,"BENHOLME",QLD,-21.188063,148.832763
4756,"FINCH HATTON",QLD,-21.126329,148.609682
4757,"BROKEN RIVER",QLD,-21.054268,148.50081
4798,"CALEN",QLD,-20.889915,148.737792
4799,"BLOOMSBURY",QLD,-20.720423,148.622011
4800,"ANDROMACHE",QLD,-20.465423,148.516317
4801,"HAYMAN ISLAND",QLD,-20.053296,148.887166
4802,"AIRLIE BEACH",QLD,-20.271072,148.989038
4803,"HAMILTON ISLAND",QLD,-20.354067,148.958824
4804,"COLLINSVILLE",QLD,-20.867952,147.518462
4805,"BINBEE",QLD,-20.016612,148.457987
4806,"ARKENDEITH",QLD,-19.862878,147.416856
4807,"AIRDMILLAN",QLD,-19.914965,147.133033
4808,"BRANDON",QLD,-19.510071,147.304401
4809,"BARRATTA",QLD,-19.53085,147.139821
4810,"BELGIAN GARDENS",QLD,-19.227783,146.764659
4811,"CLUDEN",QLD,-19.323109,146.840325
4812,"CURRAJONG",QLD,-19.286635,146.787716
4813,"LAVARACK BARRACKS",QLD,-19.338928,146.786368
4814,"AITKENVALE",QLD,-19.285821,146.754745
4815,"CONDON",QLD,-19.372329,146.707586
4816,"ALLIGATOR CREEK",QLD,-19.787858,146.791529
4817,"ALICE RIVER",QLD,-19.310498,146.652307
4818,"BEACH HOLM",QLD,-19.23794,146.540275
4819,"ARCADIA",QLD,-19.143944,146.831766
4820,"ALABAMA HILL",QLD,-20.08221328,146.2483755
4821,"DUTTON RIVER",QLD,-20.79424,144.218437
4822,"ALBION",QLD,-21.32840736,142.604872
4823,"CARPENTARIA",QLD,-19.214466,141.243755
4824,"CLONCURRY",QLD,-20.777471,140.652531
4825,"ALEXANDRIA",QLD,-21.017327,137.432341
4828,"CAMOOWEAL",QLD,-19.543752,138.350723
4829,"AMAROO",QLD,-23.329938,140.22124
4830,"AUGUSTUS DOWNS",QLD,-17.956336,138.862024
4849,"CARDWELL",QLD,-18.265652,146.027929
4850,"ABERGOWRIE",QLD,-18.552533,146.49572
4852,"BINGIL BAY",QLD,-17.830091,146.09996
4854,"BILYANA",QLD,-18.020178,145.842063
4855,"DAVESON",QLD,-17.815378,146.010914
4856,"GOOLBOO",QLD,-17.741424,145.924432
4857,"SILKWOOD EAST",QLD,-17.748858,146.059181
4858,"COMOON LOOP",QLD,-17.622583,146.078807
4859,"NO 6 BRANCH",QLD,-17.5933,145.9546
4860,"BAMBOO CREEK",QLD,-17.520343,145.888782
4861,"BABINDA",QLD,-17.352821,145.872166
4865,"GOLDSBOROUGH",QLD,-17.095516,145.782765
4868,"BAYVIEW HEIGHTS",QLD,-16.993753,145.729193
4869,"BENTLEY PARK",QLD,-17.025592,145.730423
4870,"AEROGLEN",QLD,-16.923761,145.742303
4871,"ABINGDON DOWNS",QLD,-16.934184,145.994075
4872,"BARRINE",QLD,-18.028128,145.157257
4873,"BAILEY CREEK",QLD,-16.230854,145.299094
4874,"EVANS LANDING",QLD,-12.533944,142.267938
4875,"BADU ISLAND",QLD,-9.584901,143.769211
4876,"BAMAGA",QLD,-11.33852,142.465399
4877,"CRAIGLIE",QLD,-16.535286,145.467604
4878,"BARRON",QLD,-16.839378,145.711531
4879,"BUCHAN POINT",QLD,-16.789777,145.666474
4880,"ARRIGA",QLD,-17.0488028,145.2931511
4881,"KOAH",QLD,-16.91252285,145.5578365
4882,"TOLGA",QLD,-17.202517,145.47284
4883,"ATHERTON",QLD,-17.33327,145.476659
4884,"GADGARRA",QLD,-17.26633269,145.7215575
4885,"BUTCHERS CREEK",QLD,-17.384187,145.624143
4886,"BEATRICE",QLD,-17.535676,145.633789
4887,"HERBERTON",QLD,-17.384931,145.386636
4888,"EVELYN",QLD,-17.499336,145.491052
4890,"HOWITT",QLD,-17.741867,141.185062
4891,"KARUMBA",QLD,-17.447378,140.92883
4892,"ABINGDON DOWNS",QLD,-14.6604,143.3735
4895,"AYTON",QLD,-19.7061005,145.7740021
5000,"ADELAIDE",SA,-34.92849902,138.600746
5001,"ADELAIDE",SA,-34.92849902,138.600746
5005,"ADELAIDE UNIVERSITY",SA,-34.919398,138.60351
5006,"NORTH ADELAIDE",SA,-34.911523,138.584497
5007,"BOWDEN",SA,-34.903259,138.56787
5008,"CROYDON",SA,-34.887511,138.559407
5009,"ALLENBY GARDENS",SA,-34.896906,138.542493
5010,"ANGLE PARK",SA,-34.857497,138.558318
5011,"ST CLAIR",SA,-34.87089128,138.5353265
5012,"ATHOL PARK",SA,-34.86303,138.541637
5013,"GILLMAN",SA,-34.841984,138.553453
5014,"ALBERT PARK",SA,-34.86475,138.509247
5015,"BIRKENHEAD",SA,-34.808422,138.531567
5016,"LARGS BAY",SA,-34.824516,138.493796
5017,"OSBORNE",SA,-34.806494,138.498128
5018,"NORTH HAVEN",SA,-34.779057,138.49958
5019,"EXETER",SA,-34.847707,138.477054
5020,"WEST LAKES SHORE",SA,-34.867318,138.481639
5021,"WEST LAKES",SA,-34.86628,138.492908
5022,"GRANGE",SA,-34.905461,138.49264
5023,"FINDON",SA,-34.90073,138.51199
5024,"FULHAM",SA,-34.948827,138.506052
5025,"FLINDERS PARK",SA,-34.912384,138.529573
5031,"MILE END",SA,-34.936926,138.570873
5032,"BROOKLYN PARK",SA,-34.935734,138.544358
5033,"COWANDILLA",SA,-34.938858,138.558451
5034,"CLARENCE PARK",SA,-34.956227,138.58811
5035,"ASHFORD",SA,-34.952075,138.575187
5037,"GLANDORE",SA,-34.957399,138.545826
5038,"CAMDEN PARK",SA,-34.968051,138.548367
5039,"CLARENCE GARDENS",SA,-34.976263,138.570739
5040,"NOVAR GARDENS",SA,-34.963083,138.527412
5041,"COLONEL LIGHT GARDENS",SA,-35.00298,138.594176
5042,"BEDFORD PARK",SA,-35.007341,138.575023
5043,"ASCOT PARK",SA,-35.005492,138.553853
5044,"GLENGOWRIE",SA,-35.001213,138.516314
5045,"GLENELG",SA,-34.977122,138.516973
5046,"OAKLANDS PARK",SA,-35.003794,138.535434
5047,"DARLINGTON",SA,-35.030702,138.546572
5048,"BRIGHTON",SA,-35.017416,138.520459
5049,"KINGSTON PARK",SA,-35.045389,138.52272
5050,"BELLEVUE HEIGHTS",SA,-35.026307,138.601272
5051,"BLACKWOOD",SA,-35.033769,138.620405
5052,"BELAIR",SA,-35.003888,138.618684
5061,"HYDE PARK",SA,-34.957195,138.60648
5062,"BROWN HILL CREEK",SA,-35.004063,138.602387
5063,"EASTWOOD",SA,-34.954325,138.621477
5064,"GLEN OSMOND",SA,-34.963195,138.649183
5065,"DULWICH",SA,-34.940362,138.633974
5066,"BEAUMONT",SA,-34.940962,138.66029
5067,"BEULAH PARK",SA,-34.919985,138.630575
5068,"HEATHPOOL",SA,-34.922605,138.654999
5069,"COLLEGE PARK",SA,-34.907597,138.623527
5070,"FELIXSTOW",SA,-34.900496,138.642172
5071,"KENT TOWN",SA,-34.922911,138.623005
5072,"AULDANA",SA,-34.912078,138.696113
5073,"HECTORVILLE",SA,-34.89528,138.683151
5074,"CAMPBELLTOWN",SA,-34.884233,138.669275
5075,"DERNANCOURT",SA,-34.861332,138.675254
5076,"ATHELSTONE",SA,-34.873844,138.703683
5081,"COLLINSWOOD",SA,-34.891417,138.617673
5082,"FITZROY",SA,-34.886018,138.587083
5083,"BROADVIEW",SA,-34.879357,138.609927
5084,"BLAIR ATHOL",SA,-34.864409,138.581605
5085,"CLEARVIEW",SA,-34.856239,138.612959
5086,"GILLES PLAINS",SA,-34.854247,138.64344
5087,"KLEMZIG",SA,-34.876988,138.637707
5088,"HOLDEN HILL",SA,-34.847141,138.673783
5089,"HIGHBURY",SA,-34.851049,138.724487
5090,"HOPE VALLEY",SA,-34.843346,138.704628
5091,"BANKSIA PARK",SA,-34.822615,138.735572
5092,"MODBURY",SA,-34.821319,138.680226
5093,"PARA VISTA",SA,-34.83977,138.657974
5094,"CAVAN",SA,-34.802736,138.581513
5095,"MAWSON LAKES",SA,-34.820685,138.6199
5096,"GULFVIEW HEIGHTS",SA,-34.798549,138.644685
5097,"REDWOOD PARK",SA,-34.819614,138.707261
5098,"INGLE FARM",SA,-34.829603,138.638946
5106,"PARAFIELD",SA,-34.793169,138.629463
5107,"GREEN FIELDS",SA,-34.784447,138.609874
5108,"PARALOWIE",SA,-34.761553,138.61884
5109,"BRAHMA LODGE",SA,-34.771432,138.663871
5110,"BOLIVAR",SA,-34.72213,138.565037
5111,"EDINBURGH",SA,-34.709347,138.62532
5112,"ELIZABETH",SA,-34.726229,138.666615
5113,"DAVOREN PARK",SA,-34.702506,138.674449
5114,"ANDREWS FARM",SA,-34.718681,138.754254
5115,"KUDLA",SA,-34.669486,138.681702
5116,"EVANSTON",SA,-34.622783,138.724059
5117,"ANGLE VALE",SA,-34.641267,138.636537
5118,"BIBARINGA",SA,-34.58378,138.705675
5120,"BUCKLAND PARK",SA,-34.668553,138.507899
5121,"EYRE",SA,-34.68857809,138.6507658
5125,"GOLDEN GROVE",SA,-34.773234,138.738733
5126,"FAIRVIEW PARK",SA,-34.793414,138.724953
5127,"WYNN VALE",SA,-34.796682,138.674657
5131,"HOUGHTON",SA,-34.795292,138.758111
5132,"PARACOMBE",SA,-34.857324,138.75703
5133,"INGLEWOOD",SA,-34.810928,138.776976
5134,"CHERRYVILLE",SA,-34.891863,138.760552
5136,"NORTON SUMMIT",SA,-34.921123,138.735107
5137,"ASHTON",SA,-34.945777,138.735962
5138,"BASKET RANGE",SA,-34.934914,138.768586
5139,"FOREST RANGE",SA,-34.924843,138.788705
5140,"GREENHILL",SA,-34.939245,138.710203
5141,"HORSNELL GULLY",SA,-34.957325,138.722419
5142,"URAIDLA",SA,-34.960813,138.740223
5144,"CAREY GULLY",SA,-34.968504,138.769031
5150,"EAGLE ON THE HILL",SA,-35.010886,138.654942
5151,"PICCADILLY",SA,-34.974283,138.723897
5152,"CLELAND",SA,-34.998401,138.703957
5153,"BIGGS FLAT",SA,-35.091002,138.757945
5154,"ALDGATE",SA,-35.023252,138.73592
5155,"BRIDGEWATER",SA,-35.020077,138.756728
5156,"UPPER STURT",SA,-35.030185,138.656697
5157,"ASHBOURNE",SA,-35.143492,138.633118
5158,"HALLETT COVE",SA,-35.084001,138.519781
5159,"ABERFOYLE PARK",SA,-35.061705,138.603897
5160,"LONSDALE",SA,-35.110123,138.50172
5161,"OLD REYNELLA",SA,-35.096383,138.515652
5162,"MORPHETT VALE",SA,-35.112119,138.565224
5163,"HACKHAM",SA,-35.147923,138.552209
5164,"CHRISTIE DOWNS",SA,-35.124824,138.500365
5165,"CHRISTIES BEACH",SA,-35.137389,138.475092
5166,"O’SULLIVAN BEACH",SA,-35.115305,138.478636
5167,"PORT NOARLUNGA",SA,-35.166866,138.481211
5168,"NOARLUNGA CENTRE",SA,-35.149737,138.49632
5169,"MOANA",SA,-35.194211,138.477958
5170,"MASLIN BEACH",SA,-35.237265,138.478943
5171,"BLEWITT SPRINGS",SA,-35.196481,138.553437
5172,"DINGABLEDINGA",SA,-35.28775,138.555169
5173,"ALDINGA",SA,-35.290568,138.470002
5174,"SELLICKS BEACH",SA,-35.330569,138.47117
5201,"BLACKFELLOWS CREEK",SA,-35.206107,138.727179
5202,"HINDMARSH TIERS",SA,-35.386025,138.505922
5203,"BALD HILLS",SA,-35.450839,138.388132
5204,"CAPE JERVIS",SA,-35.572164,138.324567
5210,"MOUNT COMPASS",SA,-35.387709,138.655684
5211,"BACK VALLEY",SA,-35.566153,138.627975
5212,"PORT ELLIOT",SA,-35.520797,138.668775
5213,"MIDDLETON",SA,-35.500615,138.710195
5214,"CURRENCY CREEK",SA,-35.491206,138.834806
5220,"PARNDANA",SA,-35.744959,137.236746
5221,"AMERICAN RIVER",SA,-35.793776,137.72022
5222,"AMERICAN BEACH",SA,-35.803421,137.924659
5223,"BAY OF SHOALS",SA,-35.811358,137.541715
5231,"CHAIN OF PONDS",SA,-34.81588636,138.839512
5232,"CUDLEE CREEK",SA,-34.855449,138.815964
5233,"FORRESTON",SA,-34.839937,138.882403
5234,"BIRDWOOD",SA,-34.805141,138.966075
5235,"CROMER",SA,-34.705292,139.084565
5236,"TUNGKILLO",SA,-34.829433,139.051698
5237,"APAMURRA",SA,-34.823114,139.191868
5238,"ANGAS VALLEY",SA,-34.867709,139.497207
5240,"LENSWOOD",SA,-34.906905,138.815277
5241,"LOBETHAL",SA,-34.897167,138.864359
5242,"BALHANNAH",SA,-34.998416,138.819125
5243,"OAKBANK",SA,-34.96322,138.828161
5244,"CHARLESTON",SA,-34.938664,138.946384
5245,"HAHNDORF",SA,-35.020412,138.791651
5250,"BLAKISTON",SA,-35.0417052,138.8860811
5251,"BUGLE RANGES",SA,-35.13772392,138.8734306
5252,"BRUKUNGA",SA,-35.035729,138.947189
5253,"AVOCA DELL",SA,-35.109083,139.273641
5254,"BUCCLEUCH",SA,-35.097045,139.475946
5255,"ANGAS PLAINS",SA,-35.248539,138.975861
5256,"CLAYTON",SA,-35.492114,139.0336
5259,"ASHVILLE",SA,-35.521405,139.236567
5260,"BAYAH",SA,-35.233606,139.511686
5261,"COOKE PLAINS",SA,-35.59601,139.935161
5262,"BINNUM",SA,-36.780524,140.904543
5263,"COONAWARRA",SA,-37.307042,140.838441
5264,"COORONG",SA,-35.669947,139.275737
5265,"COONALPYN",SA,-35.718823,139.743422
5266,"BUNBURY",SA,-35.902842,139.815539
5267,"BRIMBAGO",SA,-36.093534,140.348707
5268,"BANGHAM",SA,-36.189376,140.788199
5269,"CUSTON",SA,-36.404918,140.601672
5270,"BUCKINGHAM",SA,-36.404918,140.601672
5271,"BOOL LAGOON",SA,-36.792946,140.496496
5272,"COLES",SA,-37.162862,140.321798
5273,"AVENUE RANGE",SA,-36.942586,140.246064
5275,"BLACKFORD",SA,-36.61323,139.937126
5276,"BRAY",SA,-37.214147,139.917377
5277,"COMAUM",SA,-37.435507,140.852283
5278,"KALANGADOO",SA,-37.527142,140.616636
5279,"KOORINE",SA,-37.574691,140.462487
5280,"BEACHPORT",SA,-37.449179,140.260783
5290,"MOUNT GAMBIER",SA,-37.839841,140.764545
5291,"ALLENDALE EAST",SA,-37.927953,140.719634
5301,"CARCUMA",SA,-35.449887,140.030554
5302,"LAMEROO",SA,-35.579513,140.32532
5303,"PARILLA",SA,-35.191375,140.685318
5304,"KARTE",SA,-35.05261065,140.7825075
5306,"WYNARKA",SA,-35.096798,139.690888
5307,"KAROONDA",SA,-35.037558,140.242147
5308,"COPEVILLE",SA,-34.627126,140.050653
5309,"BORRIKA",SA,-34.850669,140.114394
5310,"CALIPH",SA,-34.794834,140.367313
5311,"ALAWOONA",SA,-34.721845,140.811093
5320,"BEATTY",SA,-34.01813129,139.4416527
5321,"CADELL",SA,-34.064708,139.786627
5322,"GOLDEN HEIGHTS",SA,-34.177881,139.955939
5330,"BOOLGUN",SA,-33.94707,139.975421
5331,"KINGSTON ON MURRAY",SA,-34.2200272,140.3170402
5332,"MOOROOK",SA,-34.251101,140.28104
5333,"BOOKPURNONG",SA,-34.35703813,140.6202534
5340,"MUNDIC CREEK",SA,-34.176844,140.782026
5341,"CALPERUM",SA,-33.739084,140.753178
5342,"MONASH",SA,-34.240296,140.551874
5343,"BERRI",SA,-34.321288,140.556181
5344,"GLOSSOP",SA,-34.285345,140.51443
5345,"BARMERA",SA,-34.187027,140.454506
5346,"COBDOGLA",SA,-34.250013,140.397201
5350,"ROSEDALE",SA,-34.550897,138.83423
5351,"ALTONA",SA,-34.638218,138.897802
5352,"BETHANY",SA,-34.54472249,138.9856268
5353,"ANGASTON",SA,-34.577328,139.326979
5354,"BAKARA",SA,-34.538013,139.652642
5355,"DAVEYSTON",SA,-34.443966,139.007886
5356,"ANNADALE",SA,-34.39697297,139.3720816
5357,"BLANCHETOWN",SA,-34.343393,139.525937
5360,"GREENOCK",SA,-34.446813,138.897955
5371,"MORN HILL",SA,-34.41538531,138.7560699
5372,"FREELING",SA,-34.435921,138.798551
5373,"ALLENDALE NORTH",SA,-34.303007,138.930335
5374,"AUSTRALIA PLAINS",SA,-34.152477,139.12488
5381,"BRADY CREEK",SA,-33.965473,139.140266
5400,"MAGDALA",SA,-34.42150567,138.7042845
5401,"ALMA",SA,-34.29774,138.659866
5410,"LINWOOD",SA,-34.366816,138.768325
5411,"GILES CORNER",SA,-34.256363,138.772345
5412,"NAVAN",SA,-34.18289,138.775266
5413,"APOINGA",SA,-34.080278,138.883459
5414,"MANOORA",SA,-33.949431,138.773663
5415,"MINTARO",SA,-33.942677,138.722876
5416,"FARRELL FLAT",SA,-33.804669,138.796125
5417,"BALAH",SA,-33.66497478,139.8482859
5418,"COLLINSVILLE",SA,-33.357329,139.143828
5419,"CANOWIE",SA,-33.397741,138.893337
5420,"CANOWIE BELT",SA,-33.252592,138.961232
5421,"FRANKLYN",SA,-33.13467,138.985832
5422,"CAVENAGH",SA,-32.97338,138.771209
5431,"AMYTON",SA,-32.212021,138.883978
5432,"BARATTA",SA,-31.95109636,139.1945693
5433,"BRUCE",SA,-32.180856,138.1056
5434,"BARNDIOOTA",SA,-31.568218,138.70506
5440,"ABMINGA STATION",SA,-32.21594669,140.3153142
5451,"AUBURN",SA,-34.092233,138.620883
5452,"LEASINGHAM",SA,-33.969454,138.652781
5453,"ARMAGH",SA,-33.802932,138.582681
5454,"ANDREWS",SA,-33.531714,138.604466
5455,"HILLTOWN",SA,-33.673948,138.633474
5460,"BARABBA",SA,-34.312427,138.517968
5461,"BALAKLAVA",SA,-34.095314,138.444457
5462,"BLYTH",SA,-33.896378,138.43015
5464,"ANAMA",SA,-33.676424,138.39411
5470,"YACKA",SA,-33.575379,138.482681
5471,"GULNARE",SA,-33.47611,138.424322
5472,"GEORGETOWN",SA,-33.387234,138.410287
5473,"GLADSTONE",SA,-33.257131,138.351282
5480,"APPILA",SA,-33.125751,138.319834
5481,"BANGOR",SA,-33.012446,138.239719
5482,"BOOLEROO CENTRE",SA,-32.842201,138.357347
5483,"MELROSE",SA,-32.8863,138.12371
5485,"WILMINGTON",SA,-32.546383,138.207041
5490,"CALTOWIE",SA,-33.169137,138.482155
5491,"BELALIE EAST",SA,-33.194457,138.643794
5493,"YONGALA",SA,-33.015031,138.746595
5495,"BAROOTA",SA,-32.88219,137.946255
5501,"AVON",SA,-34.595073,138.547998
5502,"FISCHER",SA,-34.49618603,138.6228575
5510,"LOCHIEL",SA,-33.9491,138.188988
5520,"BARUNGA GAP",SA,-33.769107,138.12018
5521,"REDHILL",SA,-33.567546,138.210043
5522,"FISHERMAN BAY",SA,-33.578188,138.003325
5523,"BEETALOO VALLEY",SA,-33.187701,138.2130413
5540,"BUNGAMA",SA,-33.205773,138.080191
5550,"BEAUFORT",SA,-34.093038,138.243785
5552,"KAINTON",SA,-34.061253,137.862942
5554,"BOORS PLAIN",SA,-33.928029,137.756193
5555,"ALFORD",SA,-33.656811,138.191161
5556,"NORTH BEACH",SA,-33.950853,137.610828
5558,"AGERY",SA,-34.105205,137.598449
5560,"BUTE",SA,-33.895055,138.031867
5570,"CLINTON",SA,-34.272303,137.956861
5571,"ARDROSSAN",SA,-34.51494,137.811541
5572,"ARTHURTON",SA,-34.237139,137.812526
5573,"BALGOWAN",SA,-34.514149,137.508603
5575,"BLUFF BEACH",SA,-34.823141,137.544605
5576,"HONITON",SA,-35.050773,137.56046
5577,"COUCH BEACH",SA,-34.91058608,137.1757976
5580,"CURRAMULKA",SA,-34.658726,137.704719
5581,"PORT VINCENT",SA,-34.789625,137.748829
5582,"PORT GILES",SA,-34.94231,137.734592
5583,"COOBOWIE",SA,-35.117696,137.825935
5600,"IRON BARON",SA,-33.036339,137.277293
5601,"BACKY POINT",SA,-32.91326147,137.7869937
5602,"COWELL",SA,-33.530464,136.860876
5603,"ARNO BAY",SA,-33.831212,136.499961
5604,"PORT NEILL",SA,-34.00333,136.301759
5605,"BUTLER",SA,-34.2583,136.154091
5606,"KIRTON POINT",SA,-35.373243,136.859338
5607,"BOSTON",SA,-35.156446,136.456454
5608,"MULLAQUANA",SA,-33.05754209,137.5325164
5609,"COWLEDS LANDING",SA,-33.14979064,137.4398767
5611,"COOYERDOO",SA,-33.1001,136.9795
5630,"EDILILLIE",SA,-34.420483,135.61222
5631,"COCKALEECHIE",SA,-34.285785,135.66453
5632,"KAPINNIE",SA,-34.129198,135.635831
5633,"BOONERDO",SA,-33.448521,135.581933
5640,"CAMPOONA",SA,-33.606021,136.437661
5641,"BARNA",SA,-33.100172,136.318517
5642,"DARKE PEAK",SA,-33.558726,136.103172
5650,"COOTRA",SA,-33.152294,135.740152
5651,"KYANCUTTA",SA,-33.169608,135.528428
5652,"PANEY",SA,-33.091309,135.249834
5653,"YANINEE",SA,-32.967987,135.229267
5654,"COCATA",SA,-32.833204,135.02092
5655,"BOCKELBERG",SA,-32.58529275,135.0485689
5660,"CHILPENUNDA",SA,-32.5914954,134.5219878
5661,"KOOLGERA",SA,-32.34533569,134.7410492
5670,"BRAMFIELD",SA,-33.409359,135.02078
5671,"BAIRD BAY",SA,-33.21045,134.673762
5680,"CARAWA",SA,-32.672797,134.37909
5690,"BOOKABIE",SA,-32.282716,133.582274
5700,"BLANCHE HARBOR",SA,-32.69008918,137.7541107
5701,"ARKAROOLA VILLAGE",SA,-32.5778,137.961
5710,"COOK",SA,-27.467217,134.430044
5713,"EMEROO",SA,-32.3424,137.8719
5715,"CARRIEWERLOO",SA,-32.3299,137.3609
5717,"HILTABA",SA,-32.2263,135.1706
5719,"BON BON",SA,-30.59001247,135.5033983
5720,"ARCOONA",SA,-31.11831978,136.9754357
5722,"ANDAMOOKA",SA,-30.779803,137.197175
5723,"ALLANDALE STATION",SA,-27.79517514,135.5333868
5724,"MARLA",SA,-27.180602,133.420868
5725,"OLYMPIC DAM",SA,-30.430931,136.746735
5730,"ALPANA",SA,-31.12462639,138.5935035
5731,"BOLLARDS LAGOON",SA,-28.87101485,140.7244103
5732,"ANGEPENA",SA,-30.65815918,138.8558557
5733,"ALTON DOWNS STATION",SA,-26.32008739,138.9717811
5734,"CROWN POINT",SA,-26.09784494,134.7481913
5800,"ADELAIDE",SA,-34.92849902,138.600746
5801,"ADELAIDE",SA,-34.92849902,138.600746
5810,"ADELAIDE",SA,-34.92849902,138.600746
5839,"ADELAIDE",SA,-34.92849902,138.600746
5942,"REGENCY PARK",SA,-34.860017,138.565906
5950,"ADELAIDE AIRPORT",SA,-34.945146,138.530183
6000,"CITY DELIVERY CENTRE",WA,-31.948762,115.859912
6001,"PERTH",WA,-31.99212,115.763228
6003,"HIGHGATE",WA,-31.939272,115.869136
6004,"EAST PERTH",WA,-31.956931,115.874601
6005,"KINGS PARK",WA,-31.95707,115.836896
6006,"NORTH PERTH",WA,-31.92934,115.852913
6007,"LEEDERVILLE",WA,-31.935675,115.834335
6008,"DAGLISH",WA,-31.956599,115.811432
6009,"BROADWAY NEDLANDS",WA,-31.985791,115.804692
6010,"CLAREMONT",WA,-31.971647,115.77639
6011,"COTTESLOE",WA,-31.996371,115.757646
6012,"MOSMAN PARK",WA,-32.015976,115.763404
6014,"FLOREAT",WA,-31.936389,115.808169
6015,"CITY BEACH",WA,-31.938454,115.764683
6016,"GLENDALOUGH",WA,-31.921222,115.831181
6017,"HERDSMAN",WA,-31.908357,115.814562
6018,"CHURCHLANDS",WA,-31.891957,115.786821
6019,"SCARBOROUGH",WA,-31.90733,115.769183
6020,"CARINE",WA,-31.852698,115.765396
6021,"BALCATTA",WA,-31.871671,115.811933
6022,"HAMERSLEY",WA,-31.851998,115.80924
6023,"DUNCRAIG",WA,-31.834469,115.774028
6024,"GREENWOOD",WA,-31.83489,115.803068
6025,"CRAIGIE",WA,-31.79583,115.754405
6026,"KINGSLEY",WA,-31.801707,115.799832
6027,"BELDON",WA,-31.763347,115.756405
6028,"BURNS BEACH",WA,-31.733717,115.747655
6029,"TRIGG",WA,-31.876897,115.755689
6030,"CLARKSON",WA,-31.687341,115.711684
6031,"BANKSIA GROVE",WA,-31.692538,115.772138
6032,"NOWERGUP",WA,-31.643227,115.74887
6033,"CARABOODA",WA,-31.609115,115.711357
6034,"EGLINTON",WA,-31.585614,115.663878
6035,"YANCHEP",WA,-31.524716,115.729901
6036,"BUTLER",WA,-31.649385,115.70986
6037,"TWO ROCKS",WA,-31.48847,115.616105
6038,"ALKIMOS",WA,-32.289149,115.723047
6041,"CARABAN",WA,-31.379673,115.568551
6042,"SEABIRD",WA,-31.254414,115.508625
6043,"BRETON BAY",WA,-31.141763,115.424522
6044,"KARAKIN",WA,-30.972846,115.424656
6050,"COOLBINIA",WA,-31.930574,115.871864
6051,"MAYLANDS",WA,-31.938107,115.899589
6052,"BEDFORD",WA,-31.915463,115.883976
6053,"BAYSWATER",WA,-31.920863,115.914851
6054,"ASHFIELD",WA,-31.901801,115.942572
6055,"BRABHAM",WA,-31.82796346,115.9734135
6056,"BASKERVILLE",WA,-31.838398,116.0261
6057,"HIGH WYCOMBE",WA,-31.94994,116.004245
6058,"FORRESTFIELD",WA,-31.985241,116.006688
6059,"DIANELLA",WA,-31.882862,115.861726
6060,"DOG SWAMP",WA,-31.903241,115.840879
6061,"BALGA",WA,-31.864113,115.843478
6062,"EMBLETON",WA,-31.886322,115.89088
6063,"BEECHBORO",WA,-31.866822,115.937824
6064,"ALEXANDER HEIGHTS",WA,-31.835333,115.849098
6065,"ASHBY",WA,-31.69444,115.845329
6066,"BALLAJURA",WA,-31.84269,115.896508
6067,"CULLACABARDEE",WA,-31.816059,115.899644
6068,"WHITEMAN",WA,-31.826199,115.941108
6069,"AVELEY",WA,-31.78156868,115.989248
6070,"DARLINGTON",WA,-31.929036,116.079266
6071,"GLEN FORREST",WA,-31.889087,116.100432
6072,"MAHOGANY CREEK",WA,-31.907828,116.132045
6073,"MUNDARING",WA,-31.949349,116.28143
6074,"SAWYERS VALLEY",WA,-31.896593,116.20454
6076,"BICKLEY",WA,-32.108961,116.208263
6077,"GNANGARA",WA,-31.69444,115.845329
6078,"MARIGINIUP",WA,-31.69444,115.845329
6079,"LEXIA",WA,-31.69444,115.845329
6081,"PARKERVILLE",WA,-31.876046,116.146074
6082,"BAILUP",WA,-31.738368,116.295706
6083,"GIDGEGANNUP",WA,-31.793051,116.196639
6084,"AVON VALLEY NATIONAL PARK",WA,-31.622021,116.072828
6090,"MALAGA",WA,-31.862589,115.894254
6100,"BURSWOOD",WA,-31.971725,115.896029
6101,"CARLISLE",WA,-31.985247,115.908576
6102,"BENTLEY",WA,-32.005644,115.904425
6103,"RIVERVALE",WA,-31.960364,115.913458
6104,"ASCOT",WA,-31.965498,115.977633
6105,"CLOVERDALE",WA,-31.95388,115.963293
6106,"WELSHPOOL",WA,-31.992082,115.945564
6107,"BECKENHAM",WA,-32.017663,115.967142
6108,"THORNLIE",WA,-32.06089,115.953584
6109,"MADDINGTON",WA,-32.039897,116.013165
6110,"GOSNELLS",WA,-32.078535,116.008603
6111,"ASHENDON",WA,-32.10398,116.192636
6112,"ARMADALE",WA,-32.158675,115.997934
6121,"OAKFORD",WA,-32.208934,115.916459
6122,"BYFORD",WA,-32.221725,116.0072
6123,"MUNDIJONG",WA,-32.295176,115.98589
6124,"JARRAHDALE",WA,-32.338316,116.072494
6125,"HOPELAND",WA,-32.364427,115.901277
6126,"KEYSBROOK",WA,-32.440033,115.977043
6147,"LANGFORD",WA,-32.043771,115.941353
6148,"FERNDALE",WA,-32.030183,115.924691
6149,"BULL CREEK",WA,-32.064941,115.858679
6150,"BATEMAN",WA,-32.061682,115.833608
6151,"KENSINGTON",WA,-31.982199,115.869482
6152,"COMO",WA,-32.008509,115.870058
6153,"APPLECROSS",WA,-32.024363,115.837525
6154,"ALFRED COVE",WA,-32.040061,115.825994
6155,"CANNING VALE",WA,-32.061501,115.890779
6156,"ATTADALE",WA,-32.03954,115.800233
6157,"BICTON",WA,-32.038228,115.783732
6158,"EAST FREMANTLE",WA,-32.038541,115.766561
6159,"NORTH FREMANTLE",WA,-32.035224,115.750311
6160,"FREMANTLE",WA,-32.054065,115.754545
6161,"ROTTNEST ISLAND",WA,-32.005554,115.520516
6162,"BEACONSFIELD",WA,-32.068768,115.759022
6163,"BIBRA LAKE",WA,-32.084784,115.798722
6164,"ATWELL",WA,-32.131993,115.854584
6165,"HOPE VALLEY",WA,-32.19598,115.799431
6166,"COOGEE",WA,-32.158361,115.790704
6167,"ANKETELL",WA,-32.223657,115.835308
6168,"COOLOONGUP",WA,-32.281957,115.75773
6169,"SAFETY BAY",WA,-32.338504,115.763949
6170,"LEDA",WA,-32.265645,115.835972
6171,"BALDIVIS",WA,-32.328863,115.833257
6172,"PORT KENNEDY",WA,-32.37547,115.753147
6173,"SECRET HARBOUR",WA,-32.407414,115.757908
6174,"GOLDEN BAY",WA,-32.42656,115.760224
6175,"SINGLETON",WA,-32.445896,115.755289
6176,"KARNUP",WA,-32.421669,115.814323
6180,"LAKELANDS",WA,-32.557981,115.728286
6181,"STAKE HILL",WA,-32.557981,115.728286
6182,"KERALUP",WA,-32.44631007,115.832257
6207,"MYARA",WA,-32.514294,115.959595
6208,"BLYTHEWOOD",WA,-32.630616,115.847592
6209,"BARRAGUP",WA,-32.557981,115.728286
6210,"BARRAGUP",WA,-32.557981,115.728286
6211,"BOUVARD",WA,-32.557981,115.728286
6213,"BANKSIADALE",WA,-32.702065,116.128249
6214,"BIRCHMONT",WA,-32.750429,115.859383
6215,"HAMEL",WA,-32.853807,115.896715
6218,"YARLOOP",WA,-32.946154,115.903112
6219,"COOKERNUP",WA,-33.0035,115.8515
6220,"HARVEY",WA,-33.031221,116.029777
6221,"MORNINGTON",WA,-33.119332,115.907354
6223,"BENGER",WA,-33.18208,115.903221
6224,"BEELA",WA,-33.245138,115.846788
6225,"ALLANSON",WA,-33.35257,116.204886
6226,"ROELANDS",WA,-33.291834,115.847234
6227,"BUREKUP",WA,-33.322813,115.868603
6228,"WATERLOO",WA,-33.338057,115.776497
6229,"PICTON",WA,-33.352103,115.707383
6230,"BUNBURY",WA,-33.341076,115.649205
6231,"BUNBURY",WA,-33.364375,115.65556
6232,"EATON",WA,-33.316625,115.704263
6233,"AUSTRALIND",WA,-33.279034,115.71443
6236,"CROOKED BROOK",WA,-33.410436,115.828921
6237,"BOYANUP",WA,-33.475994,115.674056
6239,"ARGYLE",WA,-33.564872,115.923933
6240,"LOWDEN",WA,-33.549593,115.966143
6243,"WILGA",WA,-33.68873,116.206928
6244,"BOYUP BROOK",WA,-33.783171,116.506912
6251,"BRAZIER",WA,-33.682661,115.888662
6252,"MULLALYUP",WA,-33.748279,115.956731
6253,"BALINGUP",WA,-33.773937,116.03654
6254,"GREENBUSHES",WA,-33.844406,116.072643
6255,"BENJINUP",WA,-33.971605,116.155378
6256,"GLENLYNN",WA,-34.052334,116.166583
6258,"BALBARRUP",WA,-34.312823,116.402179
6260,"BEEDELUP",WA,-34.438738,115.860627
6262,"BOORARA BROOK",WA,-34.706106,116.141244
6271,"CAPEL",WA,-33.621176,115.615674
6275,"BARRABUP",WA,-34.055304,115.626518
6280,"ABBA RIVER",WA,-33.728945,115.302732
6281,"DUNSBOROUGH",WA,-33.610787,115.0768
6282,"YALLINGUP",WA,-33.722885,115.023916
6284,"BAUDIN",WA,-33.857591,115.188682
6285,"BRAMLEY",WA,-33.941351,115.280972
6286,"BORANUP",WA,-34.061823,115.176529
6288,"ALEXANDRA BRIDGE",WA,-34.171024,115.233622
6290,"AUGUSTA",WA,-34.293827,115.142231
6302,"BADGIN",WA,-31.896269,116.742895
6304,"BALLY BALLY",WA,-32.176607,116.76028
6306,"ALDERSYDE",WA,-32.296524,117.140629
6308,"CODJATOTINE",WA,-32.579015,116.665242
6309,"EAST POPANYINNING",WA,-32.668322,117.129227
6311,"COMMODINE",WA,-32.803533,117.120895
6312,"BOUNDAIN",WA,-32.979123,117.306862
6313,"HIGHBURY",WA,-33.05792,117.243277
6315,"ARTHUR RIVER",WA,-33.286272,117.342795
6316,"BOYERINE",WA,-33.532315,117.384564
6317,"BADGEBUP",WA,-33.647362,117.738912
6318,"BROOMEHILL",WA,-33.862021,117.651128
6320,"BOBALONG",WA,-34.096397,117.717905
6321,"CRANBROOK",WA,-34.26948,117.398532
6322,"TENTERDEN",WA,-34.411973,117.491623
6323,"KENDENUP",WA,-34.486238,117.62552
6324,"DENBARKER",WA,-34.618289,117.781468
6326,"NARRIKUP",WA,-34.769363,117.785337
6327,"REDMOND",WA,-34.858542,117.593417
6328,"CAPE RICHE",WA,-34.919086,118.462801
6330,"ALBANY",WA,-34.905438,117.863286
6331,"ALBANY DC",WA,-35.0269,117.884
6332,"ALBANY",WA,-32.046559,115.974463
6333,"BOW BRIDGE",WA,-34.902512,117.158861
6335,"GNOWANGERUP",WA,-33.869017,118.112783
6336,"COWALELLUP",WA,-33.928235,118.596801
6337,"FITZGERALD",WA,-33.990448,119.237195
6338,"AMELUP",WA,-34.362864,118.657118
6341,"NYABING",WA,-33.513647,118.215173
6343,"PINGRUP",WA,-33.535559,118.79925
6346,"FITZGERALD RIVER NATIONAL PARK",WA,-33.319068,120.349013
6348,"HOPETOUN",WA,-33.881306,120.145773
6350,"BULLOCK HILLS",WA,-33.4339,117.6947
6351,"MOULYINNING",WA,-33.189372,117.922069
6352,"KUKERIN",WA,-33.185465,118.086163
6353,"BEENONG",WA,-33.131383,118.510341
6355,"DUNN ROCK",WA,-33.032688,119.098339
6356,"HATTER HILL",WA,-32.88527809,120.1323996
6357,"PINGARING",WA,-32.80966,118.724162
6358,"KARLGARIN",WA,-32.483917,118.671921
6359,"FORRESTANIA",WA,-32.42539,119.311209
6361,"HARRISMITH",WA,-32.9894,117.7572
6363,"DUDININ",WA,-32.919792,118.004212
6365,"JILAKIN",WA,-32.723142,118.288784
6367,"BENDERING",WA,-32.422646,118.351936
6368,"SOUTH KUMMININ",WA,-32.189465,118.339949
6369,"EMU HILL",WA,-32.023679,118.806453
6370,"EAST WICKEPIN",WA,-32.80605,117.626013
6372,"KIRK ROCK",WA,-32.6418,117.7634
6373,"BULLARING",WA,-32.495421,117.763902
6375,"ADAMSVALE",WA,-32.286284,117.879836
6383,"BADJALING",WA,-31.951084,117.406271
6384,"PANTAPIN",WA,-31.955552,117.666205
6385,"KWOLYIN",WA,-31.902072,117.747301
6386,"SHACKLETON",WA,-31.950074,117.815142
6390,"BANNISTER",WA,-32.805438,116.413369
6391,"BORANING",WA,-33.0633,116.773204
6392,"BOKAL",WA,-33.400929,116.625294
6393,"CORDERING",WA,-33.538228,116.85396
6394,"BEAUFORT RIVER",WA,-33.83319,116.972036
6395,"CHERRY TREE POOL",WA,-33.885153,117.065276
6396,"FRANKLAND",WA,-34.372016,117.096189
6397,"ROCKY GULLY",WA,-34.543671,116.955359
6398,"BROKE",WA,-34.788611,116.604043
6401,"BUCKLAND",WA,-31.640292,116.681727
6403,"GRASS VALLEY",WA,-31.643902,116.797476
6405,"GREENWOODS VALLEY",WA,-31.605825,117.020194
6407,"CUNDERDIN",WA,-31.651142,117.222062
6409,"DOONGIN",WA,-31.605391,117.471029
6410,"BUNGULLA",WA,-31.579991,117.679993
6411,"DOODLAKINE",WA,-31.550535,117.905311
6412,"BAANDEE",WA,-31.601076,117.979823
6413,"HINES HILL",WA,-31.555637,118.064042
6414,"NANGEENAN",WA,-31.526755,118.167797
6415,"GOOMARIN",WA,-31.481223,118.289983
6418,"BRUCE ROCK",WA,-31.895542,118.1626
6419,"ARDATH",WA,-32.031182,118.097777
6420,"CRAMPHORNE",WA,-31.748338,118.718262
6421,"BURRACOPPIN",WA,-31.327544,118.524208
6422,"WALGOOLAN",WA,-31.384119,118.564405
6423,"BOODAROCKIN",WA,-31.169257,118.681242
6424,"BODALLIN",WA,-31.296345,118.896267
6425,"DULYALBIN",WA,-31.398146,119.143202
6426,"CORINTHIA",WA,-30.361305,119.311267
6427,"KOOLYANOBBING",WA,-30.850566,119.540903
6428,"BABAKIN",WA,-32.142001,118.020545
6429,"BOORABBIN",WA,-30.949795,120.898892
6430,"BINDULI",WA,-30.599071,121.446478
6431,"BOORARA",WA,-30.40364,122.683881
6432,"BOULDER",WA,-30.871011,121.541783
6433,"HANNANS",WA,-30.78247,121.504749
6434,"CUNDEELEE",WA,-30.820157,125.672818
6435,"AGNEW",WA,-28.219307,120.44875
6436,"MENZIES",WA,-29.602251,124.856838
6437,"LEINSTER",WA,-27.68439,120.529798
6438,"LAKE DARLOT",WA,-28.900034,121.092655
6440,"BANDYA",WA,-26.168944,125.733157
6442,"KAMBALDA",WA,-31.318648,121.997641
6443,"BALLADONIA",WA,-32.39502,123.744186
6445,"NORTH CASCADE",WA,-32.981696,121.638735
6446,"GRASS PATCH",WA,-33.223445,121.682321
6447,"LORT RIVER",WA,-33.451323,121.732214
6448,"GIBSON",WA,-33.650554,121.798896
6450,"BANDY CREEK",WA,-33.401152,122.211127
6452,"BURAMINYA",WA,-32.91833,122.895
6460,"GOOMALLING",WA,-31.266649,116.779032
6461,"DOWERIN",WA,-31.140717,117.083327
6462,"HINDMARSH",WA,-31.125288,117.204349
6463,"BENJABERRING",WA,-31.126499,117.249295
6465,"MANMANNING",WA,-30.859977,117.071157
6466,"CADOUX",WA,-30.719092,117.100375
6467,"BURAKIN",WA,-30.561306,117.153374
6468,"GOODLANDS",WA,-30.214559,117.144456
6470,"KULJA",WA,-30.466429,117.287007
6472,"BEACON",WA,-30.261439,117.789878
6473,"NORTH WIALKI",WA,-30.488998,118.13352
6475,"BADGERIN ROCK",WA,-30.613981,117.440487
6476,"GABBIN",WA,-30.764934,117.679166
6477,"BENCUBBIN",WA,-30.775956,117.93876
6479,"BARBALIN",WA,-30.748419,118.448501
6480,"NUKARNI",WA,-31.290084,118.22061
6484,"BULLFINCH",WA,-30.960681,119.078912
6485,"COWCOWING",WA,-31.184717,117.381055
6487,"NORTH YELBENI",WA,-31.168259,117.660055
6488,"NORTH TRAYNING",WA,-31.127571,117.735836
6489,"KUNUNOPPIN",WA,-31.12327,117.945624
6490,"BURRAN ROCK",WA,-31.161835,118.107061
6501,"MUCHEA",WA,-31.541813,115.945497
6502,"BINDOON",WA,-31.297561,116.184272
6503,"BAMBUN",WA,-31.237406,115.82111
6504,"MOOLIABEENEE",WA,-31.310791,116.042298
6505,"WANNAMAL",WA,-31.161423,116.104431
6506,"MOGUMBER",WA,-31.070282,116.110277
6507,"CATABY",WA,-30.72155,115.718713
6509,"GLENTROMIE",WA,-30.912266,116.252618
6510,"BARBERTON",WA,-30.701145,116.090272
6511,"CERVANTES",WA,-30.568116,115.250201
6512,"COOMBERDALE",WA,-30.446675,116.070173
6513,"GUNYIDI",WA,-30.27368,116.060619
6514,"GREEN HEAD",WA,-30.027371,115.087155
6515,"COOROW",WA,-29.967278,115.856422
6516,"JURIEN BAY",WA,-30.22554,115.20926
6517,"CARNAMAH",WA,-29.740667,115.839422
6518,"ENEABBA",WA,-29.774917,115.180736
6519,"ARRINO",WA,-29.514304,115.597715
6521,"BADGINGARRA",WA,-30.348514,115.640925
6522,"BUNDANOON",WA,-29.139369,115.485567
6525,"ALLANOOKA",WA,-29.327323,115.098073
6528,"MOUNT HILL",WA,-28.985892,114.815184
6530,"BEACHLANDS",WA,-28.802491,114.862505
6531,"GERALDTON",WA,-32.278396,115.740693
6532,"AJANA",WA,-28.440886,115.004595
6535,"ALMA",WA,-27.832196,114.852437
6536,"KALBARRI",WA,-27.541838,114.379678
6537,"DENHAM",WA,-26.904889,114.627287
6556,"BEECHINA",WA,-31.860591,116.310249
6558,"WOOROLOO",WA,-31.771446,116.313391
6560,"WUNDOWIE",WA,-31.817666,116.428564
6562,"BAKERS HILL",WA,-31.746189,116.473434
6564,"CLACKLINE",WA,-31.726613,116.538966
6566,"BEJOORDING",WA,-31.484853,116.38064
6567,"DEWARS POOL",WA,-31.459208,116.419958
6568,"BOLGART",WA,-31.246581,116.537461
6569,"CALINGIRI",WA,-31.085084,116.452845
6571,"YERECOIN",WA,-30.940448,116.396621
6572,"PIAWANING",WA,-30.804675,116.396304
6574,"BINDI BINDI",WA,-30.650914,116.425241
6575,"MILING",WA,-30.410873,116.424426
6603,"KONNONGORRING",WA,-30.874243,116.725982
6605,"KONDUT",WA,-30.730158,116.762957
6606,"BALLIDU",WA,-30.614263,116.829163
6608,"EAST DAMBORING",WA,-30.429334,116.826594
6609,"DALWALLINU",WA,-30.266489,116.750631
6612,"JIBBERDING",WA,-29.545139,117.835179
6613,"BUNTINE",WA,-29.962626,116.523551
6614,"MAYA",WA,-29.888797,116.551869
6616,"LATHAM",WA,-29.76691,116.434223
6620,"BUNJIL",WA,-29.62372971,116.6013512
6623,"BOWGADA",WA,-29.021683,116.120459
6625,"MERKANOOKA",WA,-29.107426,115.946714
6627,"CANNA",WA,-28.850457,115.902023
6628,"TARDUN",WA,-28.833846,115.764797
6630,"DEVILS CREEK",WA,-27.569679,115.72384
6631,"PINDAR",WA,-28.46368,115.755437
6632,"AMBANIA",WA,-28.619887,115.338356
6635,"SOUTH MURCHISON",WA,-28.150726,116.689412
6638,"COOLADAR HILL",WA,-28.612449,118.157573
6639,"SANDSTONE",WA,-27.68492,119.409802
6640,"CUE",WA,-27.003199,117.674648
6642,"ANGELO RIVER",WA,-25.639378,118.554936
6646,"LAKE CARNEGIE",WA,-25.912724,121.214907
6701,"BABBAGE ISLAND",WA,-24.734545,115.15198
6705,"EAST LYONS RIVER",WA,-25.111289,115.011494
6707,"CAPE RANGE NATIONAL PARK",WA,-22.265028,113.954791
6710,"CANE",WA,-22.133456,115.448968
6711,"THEVENARD ISLAND",WA,-21.461934,115.001086
6712,"BARROW ISLAND",WA,-20.785813,115.407335
6713,"DAMPIER",WA,-20.676313,116.709548
6714,"ANTONYMYRE",WA,-21.145063,116.349933
6716,"FORTESCUE",WA,-21.605319,116.311985
6718,"ROEBOURNE",WA,-20.971499,117.740969
6720,"COSSACK",WA,-20.699288,117.067614
6721,"INDEE",WA,-20.710799,118.441716
6722,"BOODARIE",WA,-20.407853,118.606673
6723,"GOLDSWORTHY",WA,-20.2103,119.727488
6725,"BILINGURR",WA,-18.773365,122.753792
6726,"CABLE BEACH",WA,-17.950181,122.196423
6728,"CAMBALLIN",WA,-17.090606,124.591962
6731,"COCKATOO ISLAND",WA,-16.09862,123.610523
6733,"KOOLAN ISLAND",WA,-16.134853,123.753964
6740,"DRYSDALE RIVER",WA,-14.962686,128.397192
6743,"CAMBRIDGE GULF",WA,-17.293532,129.662008
6751,"CHICHESTER",WA,-22.141251,117.057776
6753,"JIGALONG",WA,-23.346,120.8094
6754,"PARABURDOO",WA,-23.303751,117.47663
6758,"NULLAGINE",WA,-22.055582,120.282267
6760,"MARBLE BAR",WA,-22.026615,124.383893
6761,"SHAY GAP",WA,-20.403598,120.469973
6762,"TELFER",WA,-21.712224,122.224801
6765,"FITZROY CROSSING",WA,-18.752827,125.282055
6770,"HALLS CREEK",WA,-18.705507,127.320764
6798,"CHRISTMAS ISLAND",WA,-10.487053,105.64067
6799,"HOME ISLAND COCOS (KEELING) ISLANDS",WA,-12.169719,96.83152
6800,"PERTH",WA,-31.99212,115.763228
6803,"NORTHBRIDGE",WA,-31.939272,115.869136
6809,"PERTH",WA,-31.99212,115.763228
6817,"PERTH",WA,-31.99212,115.763228
6820,"PERTH",WA,-31.99212,115.763228
6827,"PERTH",WA,-31.99212,115.763228
6830,"PERTH",WA,-31.99212,115.763228
6831,"PERTH ST GEORGES TCE",WA,-31.95505,115.857527
6832,"PERTH EAST ST GEORGES TCE",WA,-31.958153,115.866732
6837,"PERTH",WA,-31.99212,115.763228
6838,"PERTH",WA,-31.99212,115.763228
6839,"PERTH",WA,-31.99212,115.763228
6840,"PERTH",WA,-31.99212,115.763228
6841,"PERTH",WA,-31.99212,115.763228
6842,"PERTH",WA,-31.99212,115.763228
6843,"PERTH",WA,-31.99212,115.763228
6844,"PERTH",WA,-31.99212,115.763228
6845,"PERTH",WA,-31.99212,115.763228
6846,"PERTH",WA,-31.99212,115.763228
6847,"PERTH",WA,-31.99212,115.763228
6848,"PERTH",WA,-31.99212,115.763228
6849,"PERTH BC",WA,-31.9488,115.864
6850,"CLOISTERS SQUARE",WA,-33.663414,115.332906
6865,"NORTHBRIDGE",WA,-31.939272,115.869136
6872,"WEST PERTH",WA,-31.94319,115.876395
6892,"EAST PERTH",WA,-31.777103,115.817894
6900,"LEEDERVILLE",WA,-31.935675,115.834335
6901,"WEST LEEDERVILLE",WA,-31.944548,115.875924
6902,"LEEDERVILLE",WA,-31.935675,115.834335
6903,"LEEDERVILLE",WA,-31.935675,115.834335
6904,"SUBIACO",WA,-31.943654,115.834628
6905,"NORTHLANDS",WA,-27.6728,121.628
6906,"NORTH PERTH",WA,-31.982001,115.760961
6907,"NEDLANDS",WA,-31.985791,115.804692
6909,"NEDLANDS",WA,-31.985791,115.804692
6910,"CLAREMONT",WA,-31.981493,115.774504
6911,"COTTESLOE",WA,-32.403407,115.761982
6912,"MOSMAN PARK",WA,-32.011748,115.763135
6913,"WEMBLEY",WA,-31.936389,115.808169
6914,"BALCATTA",WA,-31.861596,115.815211
6915,"MOUNT HAWTHORN",WA,-31.954127,115.848262
6916,"OSBORNE PARK",WA,-31.885883,115.804802
6917,"OSBORNE PARK",WA,-31.885883,115.804802
6918,"INNALOO",WA,-31.891957,115.786821
6919,"JOONDALUP DC",WA,-31.763347,115.756405
6920,"NORTH BEACH",WA,-31.859408,115.775442
6921,"KARRINYUP",WA,-31.882332,115.791881
6922,"SCARBOROUGH",WA,-31.901385,115.79501
6923,"HILLARYS",WA,-31.79583,115.754405
6924,"GREENWOOD",WA,-32.559825,115.797347
6925,"WALLISTON DC",WA,-32.108961,116.208263
6926,"KALAMUNDA",WA,-31.939027,116.012518
6929,"MOUNT LAWLEY",WA,-31.954127,115.848262
6931,"MAYLANDS",WA,-31.938107,115.899589
6932,"INGLEWOOD",WA,-31.923239,115.882764
6933,"BAYSWATER",WA,-31.907152,115.896545
6934,"BASSENDEAN",WA,-31.915103,115.921101
6935,"GUILDFORD",WA,-31.923723,115.921132
6936,"MIDLAND DC",WA,-31.8918,116.013
6937,"TUART HILL",WA,-31.896748,115.846807
6938,"TUART HILL",WA,-31.896748,115.846807
6939,"TUART HILL",WA,-31.896748,115.846807
6940,"TUART HILL",WA,-31.896748,115.846807
6941,"MIRRABOOKA",WA,-31.842045,115.855186
6942,"BASSENDEAN DC",WA,-31.901801,115.942572
6943,"MORLEY",WA,-31.887921,115.89292
6944,"MALAGA",WA,-31.864862,115.895533
6945,"MALAGA DC",WA,-31.8556,115.893
6946,"WANNEROO",WA,-31.617559,115.715081
6947,"WANGARA DC",WA,-31.69444,115.845329
6951,"SOUTH PERTH",WA,-32.068705,115.821722
6952,"COMO",WA,-31.891696,115.817919
6953,"APPLECROSS",WA,-32.024363,115.837525
6954,"BOORAGOON",WA,-32.040061,115.825994
6955,"WILLETTON",WA,-32.061501,115.890779
6956,"MELVILLE",WA,-31.988065,115.853588
6957,"PALMYRA",WA,-32.038228,115.783732
6959,"FREMANTLE",WA,-32.067114,115.986396
6960,"MYAREE",WA,-32.04,115.816
6961,"PALMYRA DC",WA,-32.038228,115.783732
6963,"HAMILTON HILL",WA,-32.076945,115.788706
6964,"SUCCESS",WA,-32.022746,115.860179
6965,"BIBRA LAKE DC",WA,-32.084784,115.798722
6966,"KWINANA",WA,-32.143195,115.859834
6967,"ROCKINGHAM DC",WA,-32.281957,115.75773
6968,"ROCKINGHAM",WA,-32.107766,115.782689
6969,"ROCKINGHAM BEACH",WA,-32.264021,115.745072
6970,"CANNING VALE DC",WA,-32.061501,115.890779
6979,"VICTORIA PARK",WA,-31.954583,115.896195
6980,"CANNINGTON",WA,-32.017663,115.967142
6981,"EAST VICTORIA PARK",WA,-31.951832,115.876964
6982,"BENTLEY",WA,-31.869817,116.169125
6983,"BENTLEY DC",WA,-32.005644,115.904425
6984,"BELMONT",WA,-31.965766,115.933458
6985,"CLOVERDALE",WA,-33.625285,115.600155
6986,"WELSHPOOL DC",WA,-31.992082,115.945564
6987,"CANNINGTON",WA,-32.017663,115.967142
6988,"THORNLIE",WA,-32.050009,115.964764
6989,"MADDINGTON",WA,-32.039597,116.009575
6990,"GOSNELLS",WA,-32.060407,116.008461
6991,"KELMSCOTT",WA,-32.09788,116.095955
6992,"ARMADALE",WA,-31.964503,115.920395
6997,"KELMSCOTT DC",WA,-32.09788,116.095955
7000,"BATHURST STREET PO",TAS,-42.878355,147.308002
7001,"HOBART",TAS,-43.535913,146.356055
7002,"NORTH HOBART",TAS,-42.899691,147.446349
7004,"BATTERY POINT",TAS,-42.890148,147.328928
7005,"DYNNYRNE",TAS,-42.916204,147.3368
7006,"SANDY BAY",TAS,-42.908108,147.344395
7007,"MOUNT NELSON",TAS,-42.922863,147.319501
7008,"CORNELIAN BAY",TAS,-42.861932,147.293268
7009,"DERWENT PARK",TAS,-42.842607,147.289682
7010,"DOWSING POINT",TAS,-42.85913,147.212366
7011,"AUSTINS FERRY",TAS,-42.793393,147.230065
7012,"COLLINSVALE",TAS,-42.833718,147.174382
7015,"FLAGSTAFF GULLY",TAS,-42.83903,147.360174
7016,"RISDON VALE",TAS,-42.813551,147.346381
7017,"GRASSTREE HILL",TAS,-42.719274,147.315111
7018,"BELLERIVE",TAS,-42.877588,147.385681
7019,"CLARENDON VALE",TAS,-42.898778,147.433337
7020,"CLIFTON BEACH",TAS,-42.965741,147.47851
7021,"LAUDERDALE",TAS,-42.906796,147.480017
7022,"SOUTH ARM",TAS,-43.053156,147.47988
7023,"OPOSSUM BAY",TAS,-42.988314,147.409324
7024,"CREMORNE",TAS,-42.950412,147.512182
7025,"DULCOT",TAS,-42.730264,147.439671
7026,"CAMPANIA",TAS,-42.646044,147.451363
7027,"COLEBROOK",TAS,-42.536377,147.383495
7030,"APSLEY",TAS,-42.304288,146.958381
7050,"ALBION HEIGHTS",TAS,-42.975502,147.298181
7051,"KINGSTON",TAS,-42.987394,147.327238
7052,"BLACKMANS BAY",TAS,-43.008052,147.309302
7053,"BONNET HILL",TAS,-42.947314,147.334695
7054,"BARRETTA",TAS,-43.00658,147.256698
7055,"HUNTINGFIELD",TAS,-42.994715,147.285203
7109,"CATAMARAN",TAS,-43.571087,146.524064
7112,"ABELS BAY",TAS,-43.291937,147.140014
7113,"FRANKLIN",TAS,-43.091051,146.970489
7116,"BROOKS BAY",TAS,-43.262123,147.03435
7117,"DOVER",TAS,-43.338435,147.040135
7119,"STONOR",TAS,-42.431887,147.365372
7120,"ANDOVER",TAS,-42.31694,147.48727
7139,"STRATHGORDON",TAS,-42.715494,145.925302
7140,"BLACK HILLS",TAS,-42.544215,146.45502
7150,"ADVENTURE BAY",TAS,-43.077586,147.958441
7151,"CASEY",TAS,-41.518719,146.64266
7155,"KETTERING",TAS,-43.128868,147.216918
7162,"BIRCHS BAY",TAS,-43.158652,147.209628
7163,"FLOWERPOT",TAS,-43.209774,147.227479
7170,"ACTON PARK",TAS,-42.85132,147.449794
7171,"MIDWAY POINT",TAS,-42.78011,147.488282
7172,"NUGENT",TAS,-42.730285,147.631695
7173,"CARLTON",TAS,-42.823649,147.630737
7174,"COPPING",TAS,-42.807682,147.743285
7175,"BREAM CREEK",TAS,-42.818606,147.828594
7176,"KELLEVIE",TAS,-42.753098,147.837675
7177,"BOOMER BAY",TAS,-42.884195,147.976495
7178,"MURDUNNA",TAS,-42.958471,147.906152
7179,"EAGLEHAWK NECK",TAS,-43.033826,147.944957
7180,"TARANNA",TAS,-43.138712,148.006561
7182,"CAPE PILLAR",TAS,-43.18182603,147.9387592
7183,"HIGHCROFT",TAS,-43.171185,147.750593
7184,"CAPE RAOUL",TAS,-43.2198235,147.7904396
7185,"PREMAYDENA",TAS,-43.062899,147.753782
7186,"SALTWATER RIVER",TAS,-43.029525,147.663981
7187,"KOONYA",TAS,-43.027742,147.848028
7190,"APSLAWN",TAS,-42.62988,148.091696
7209,"ROSS",TAS,-42.104584,147.614307
7210,"CAMPBELL TOWN",TAS,-41.915923,147.410747
7211,"CLEVELAND",TAS,-41.788619,147.317089
7212,"BEN LOMOND",TAS,-41.567876,147.488412
7213,"AVOCA",TAS,-41.828496,147.781593
7214,"FINGAL",TAS,-41.600719,147.897402
7215,"BEAUMARIS",TAS,-42.314526,148.281407
7216,"AKAROA",TAS,-41.284242,148.076401
7248,"ALANVALE",TAS,-41.397239,147.130185
7249,"GLEN DHU",TAS,-41.472435,147.157786
7250,"BLACKSTONE HEIGHTS",TAS,-41.432254,147.077589
7252,"BEECHFORD",TAS,-41.148031,146.99252
7253,"BELL BAY",TAS,-41.117415,146.83066
7254,"BELLINGHAM",TAS,-41.13407,147.198018
7255,"BLUE ROCKS",TAS,-39.949379,148.329247
7256,"BUNGAREE",TAS,-39.830946,144.159775
7257,"CAPE BARREN ISLAND",TAS,-40.505978,148.338962
7258,"BREADALBANE",TAS,-41.499942,147.209446
7259,"MYRTLE BANK",TAS,-41.358817,147.357686
7260,"BLUMONT",TAS,-41.158791,147.502082
7261,"BRANXHOLM",TAS,-41.12694,147.567819
7262,"BRIDPORT",TAS,-40.801511,147.630044
7263,"ALBERTON",TAS,-41.308785,147.702655
7264,"ANSONS BAY",TAS,-41.08241309,148.1887585
7265,"BANCA",TAS,-41.08106,147.823431
7267,"BANGOR",TAS,-41.264912,147.086396
7268,"LILYDALE",TAS,-41.333887,147.152757
7270,"BADGER HEAD",TAS,-41.177924,146.783947
7275,"BLACKWALL",TAS,-41.319891,146.835317
7276,"GRAVELLY BEACH",TAS,-41.293081,146.972023
7277,"BRIDGENORTH",TAS,-41.366416,146.996977
7290,"HADSPEN",TAS,-41.512507,147.068603
7291,"CARRICK",TAS,-41.530631,147.013597
7292,"HAGLEY",TAS,-41.472098,146.944728
7300,"DEVON HILLS",TAS,-41.616219,147.223173
7301,"BISHOPSBOURNE",TAS,-41.600123,147.046481
7302,"BRACKNELL",TAS,-41.70457,146.988293
7303,"BIRRALEE",TAS,-41.594913,146.815084
7304,"BRANDUM",TAS,-41.710417,146.165998
7305,"MERSEYLEA",TAS,-41.352322,146.412127
7306,"ACACIA HILLS",TAS,-41.465311,146.193428
7307,"BAKERS BEACH",TAS,-41.210495,146.57356
7310,"ABERDEEN",TAS,-41.237355,146.239406
7315,"ABBOTSHAM",TAS,-41.303174,146.072407
7316,"CAMENA",TAS,-41.269708,145.931776
7320,"ACTON",TAS,-41.08422,145.862079
7321,"BLACK RIVER",TAS,-41.456389,145.503726
7322,"SOMERSET",TAS,-41.044472,145.804533
7325,"CALDER",TAS,-41.100305,145.607556
7330,"ALCOMIE",TAS,-40.782341,145.057623
7331,"STANLEY",TAS,-40.758553,145.275421
7466,"GORMANSTON",TAS,-42.291313,145.807453
7467,"LAKE MARGARET",TAS,-42.093728,145.529693
7468,"MACQUARIE HEADS",TAS,-42.706031,145.537671
7469,"GRANVILLE HARBOUR",TAS,-41.784391,145.201632
7470,"ROSEBERY",TAS,-41.902129,145.500566
8001,"MELBOURNE",VIC,-37.81443733,144.9825846
8002,"EAST MELBOURNE",VIC,-37.81443733,144.9825846
8003,"COLLINS STREET EAST",VIC,-37.8183,144.957
8004,"ST KILDA ROAD",VIC,-36.5587997,145.4689942
8005,"WORLD TRADE CENTRE",VIC,-37.824608,144.950858
8006,"ABECKETT STREET",VIC,-37.8097006,144.9593062
8007,"COLLINS STREET WEST",VIC,-37.8183,144.957
8008,"ST KILDA ROAD CENTRAL",VIC,-37.844246,144.970161
8009,"FLINDERS LANE",VIC,-37.817201,144.964531
8010,"LAW COURTS",VIC,-38.185857,146.293728
8011,"LITTLE LONSDALE STREET",VIC,-37.8113144,144.9617461
8012,"DOCKLANDS",VIC,-37.814719,144.948039
8045,"MELBOURNE",VIC,-37.81443733,144.9825846
8051,"MELBOURNE",VIC,-37.81443733,144.9825846
8066,"MELBOURNE",VIC,-37.81443733,144.9825846
8069,"MELBOURNE",VIC,-37.81443733,144.9825846
8070,"MELBOURNE",VIC,-37.81443733,144.9825846
8071,"MELBOURNE",VIC,-37.81443733,144.9825846
8102,"MELBOURNE",VIC,-37.81443733,144.9825846
8107,"MELBOURNE",VIC,-37.81443733,144.9825846
8111,"MELBOURNE",VIC,-37.81443733,144.9825846
8120,"MELBOURNE",VIC,-37.81443733,144.9825846
8205,"MELBOURNE",VIC,-37.81443733,144.9825846
8383,"MELBOURNE",VIC,-37.81443733,144.9825846
8438,"SUNSHINE WEST",VIC,-37.79809941,144.8110787
8511,"SUNSHINE WEST",VIC,-37.79809941,144.8110787
8785,"DANDENONG",VIC,-38.016114,145.208504
9000,"BRISBANE",QLD,-27.603479,152.823141
9001,"BRISBANE",QLD,-27.603479,152.823141
9002,"BRISBANE",QLD,-27.603479,152.823141
9005,"BRISBANE",QLD,-27.603479,152.823141
9007,"BRISBANE",QLD,-27.603479,152.823141
9009,"BRISBANE",QLD,-27.603479,152.823141
9010,"BRISBANE",QLD,-27.603479,152.823141
9013,"BRISBANE",QLD,-27.603479,152.823141
9015,"BRISBANE",QLD,-27.603479,152.823141
9464,"NORTHGATE MC",QLD,-27.397055,153.074982
9726,"GOLD COAST MC",QLD,-28.008783,153.412197
9999,"NORTH POLE",VIC,-37.817403,144.956776
